Div,Date,Time,HomeTeam,AwayTeam,FTHG,FTAG,FTR,HTHG,HTAG,HTR,Referee,HS,AS,HST,AST,HF,AF,HC,AC,HY,AY,HR,AR,B365H,B365D,B365A,BFDH,BFDD,BFDA,BMGMH,BMGMD,BMGMA,BVH,BVD,BVA,BWH,BWD,BWA,CLH,CLD,CLA,LBH,LBD,LBA,PSH,PSD,PSA,MaxH,MaxD,MaxA,AvgH,AvgD,AvgA,BFEH,BFED,BFEA,B365>2.5,B365<2.5,P>2.5,P<2.5,Max>2.5,Max<2.5,Avg>2.5,Avg<2.5,BFE>2.5,BFE<2.5,AHh,B365AHH,B365AHA,PAHH,PAHA,MaxAHH,MaxAHA,AvgAHH,AvgAHA,BFEAHH,BFEAHA,B365CH,B365CD,B365CA,BFDCH,BFDCD,BFDCA,BMGMCH,BMGMCD,BMGMCA,BVCH,BVCD,BVCA,BWCH,BWCD,BWCA,CLCH,CLCD,CLCA,LBCH,LBCD,LBCA,PSCH,PSCD,PSCA,MaxCH,MaxCD,MaxCA,AvgCH,AvgCD,AvgCA,BFECH,BFECD,BFECA,B365C>2.5,B365C<2.5,PC>2.5,PC<2.5,MaxC>2.5,MaxC<2.5,AvgC>2.5,AvgC<2.5,BFEC>2.5,BFEC<2.5,AHCh,B365CAHH,B365CAHA,PCAHH,PCAHA,MaxCAHH,MaxCAHA,AvgCAHH,AvgCAHA,BFECAHH,BFECAHA,League,Season
E0,2025-08-15,20:00:00,Liverpool,Bournemouth,4,2,H,1,0,H,A Taylor,19,10,10,3,7,10,6,7,1,2,0,0,1.3,6.0,8.5,1.3,6.0,9.5,1.29,6.5,9.0,1.3,6.0,8.5,1.32,5.5,7.5,1.33,5.75,8.0,1.33,5.75,7.5,1.28,6.56,9.07,1.34,6.5,9.5,1.31,5.96,8.31,1.34,6.6,9.4,1.36,3.2,1.37,3.26,1.38,3.3,1.35,3.13,1.4,3.4,-1.5,1.83,2.03,1.9,2.03,1.83,2.06,1.78,1.99,1.9,2.08,1.29,6.25,9.0,1.3,6.0,9.5,1.3,6.25,9.0,1.29,6.0,9.0,1.31,5.75,8.0,1.3,6.0,8.0,1.3,5.75,8.0,1.29,6.55,9.75,1.31,6.6,9.5,1.29,6.02,8.68,1.32,6.8,10.0,1.36,3.2,1.41,2.95,1.4,3.2,1.36,3.05,1.41,3.4,-1.75,2.03,1.78,2.07,1.85,2.03,1.88,1.94,1.76,2.14,1.86,Premier League,2025/26
E0,2025-08-16,12:30:00,Aston Villa,Newcastle,0,0,D,0,0,D,C Pawson,3,16,3,3,13,11,3,6,1,1,1,0,2.25,3.5,2.9,2.25,3.75,3.1,2.38,3.55,2.95,2.3,3.5,3.0,2.3,3.6,2.87,2.3,3.6,2.87,2.3,3.6,2.87,2.24,3.72,3.13,2.38,3.75,3.1,2.3,3.56,2.94,2.4,3.75,3.1,1.62,2.3,1.65,2.33,1.65,2.33,1.61,2.25,1.72,2.36,-0.25,2.0,1.85,1.96,1.94,2.0,1.87,1.9,1.78,2.08,1.9,2.45,3.4,2.8,2.38,3.5,3.1,2.4,3.45,2.95,2.38,3.3,3.0,2.4,3.4,2.85,2.37,3.5,2.87,2.37,3.5,2.87,2.32,3.63,3.07,2.45,3.5,3.1,2.38,3.41,2.93,2.48,3.55,3.1,1.83,2.03,1.66,2.31,1.83,2.18,1.75,2.04,1.87,2.12,-0.25,2.05,1.8,2.02,1.89,2.06,1.8,1.95,1.74,2.14,1.86,Premier League,2025/26
E0,2025-08-16,15:00:00,Brighton,Fulham,1,1,D,0,0,D,S Barrott,10,7,4,2,16,15,4,3,3,3,0,0,1.91,3.6,4.0,1.95,3.75,4.0,1.92,3.65,4.0,1.91,3.6,3.9,1.9,3.6,3.9,1.91,3.6,3.9,1.91,3.6,3.9,1.94,3.73,3.98,1.95,3.75,4.0,1.92,3.62,3.91,1.99,3.85,4.2,1.73,2.1,1.76,2.15,1.74,2.15,1.71,2.08,1.78,2.22,-0.5,1.93,1.93,1.95,1.95,1.93,1.93,1.87,1.88,1.99,2.0,1.8,3.7,4.33,1.83,3.75,4.33,1.87,3.65,4.3,1.83,3.6,4.33,1.85,3.6,4.1,1.85,3.6,4.2,1.85,3.6,4.0,1.92,3.66,4.27,1.87,3.75,4.4,1.83,3.64,4.26,1.9,3.8,4.6,1.88,1.98,1.91,2.0,1.91,2.04,1.84,1.93,1.93,2.06,-0.5,1.83,2.03,1.93,2.0,1.84,2.03,1.8,1.96,1.91,2.08,Premier League,2025/26
E0,2025-08-16,15:00:00,Sunderland,West Ham,3,0,H,0,0,D,R Jones,10,12,5,4,8,10,5,7,0,1,0,0,3.25,3.4,2.25,3.2,3.5,2.3,3.25,3.5,2.25,3.2,3.3,2.3,3.1,3.4,2.25,3.1,3.4,2.25,3.1,3.4,2.25,3.27,3.43,2.29,3.25,3.5,2.3,3.17,3.38,2.26,3.35,3.5,2.34,1.93,1.93,1.98,1.91,1.94,1.93,1.88,1.88,2.02,1.96,0.25,1.9,1.95,1.93,1.98,1.9,1.95,1.84,1.81,1.97,2.01,3.4,3.2,2.25,3.4,3.3,2.3,3.55,3.1,2.3,3.4,3.13,2.25,3.3,3.25,2.25,3.3,3.25,2.25,3.25,3.2,2.25,3.55,3.24,2.29,3.55,3.3,2.31,3.4,3.17,2.25,3.6,3.4,2.32,2.1,1.73,2.24,1.7,2.25,1.75,2.11,1.69,2.2,1.8,0.25,1.95,1.9,1.97,1.95,1.95,1.94,1.86,1.78,2.02,1.97,Premier League,2025/26
E0,2025-08-16,15:00:00,Tottenham,Burnley,3,0,H,1,0,H,M Oliver,16,14,6,4,14,8,6,5,0,0,0,0,1.38,4.75,8.5,1.36,5.0,9.5,1.37,5.0,9.0,1.33,4.6,8.0,1.39,4.8,8.0,1.4,4.8,8.0,1.4,4.8,8.0,1.4,4.71,8.79,1.4,5.0,9.5,1.37,4.8,8.3,1.42,5.2,9.6,1.73,2.1,1.74,2.17,1.73,2.3,1.66,2.16,1.75,2.28,-1.25,1.88,1.98,1.89,2.01,1.88,1.98,1.75,1.95,1.93,2.03,1.55,3.9,6.25,1.57,4.0,6.5,1.55,4.1,6.5,1.53,3.9,5.75,1.55,4.1,6.0,1.55,4.0,6.0,1.55,4.0,6.0,1.56,4.2,6.7,1.58,4.1,6.5,1.55,4.01,6.16,1.61,4.3,6.8,1.93,1.93,1.91,2.0,1.93,1.93,1.88,1.88,1.99,2.0,-1.0,1.98,1.88,1.99,1.93,1.98,1.91,1.88,1.83,2.07,1.92,Premier League,2025/26
E0,2025-08-16,17:30:00,Wolves,Man City,0,4,A,0,2,A,J Gillett,9,15,3,4,13,7,4,6,1,2,0,0,6.25,4.75,1.45,7.5,4.6,1.44,7.0,5.0,1.43,7.0,4.5,1.44,6.75,4.6,1.46,6.5,4.6,1.44,6.5,4.6,1.44,6.72,4.92,1.46,7.5,5.0,1.48,6.73,4.73,1.44,7.4,5.2,1.47,1.62,2.3,1.66,2.31,1.62,2.35,1.61,2.25,1.67,2.44,1.25,1.85,2.0,1.85,2.06,1.9,2.0,1.83,1.86,1.91,2.03,6.25,4.2,1.53,7.0,4.33,1.5,6.25,4.35,1.53,6.5,4.33,1.5,6.0,4.33,1.52,6.0,4.33,1.53,5.75,4.33,1.53,6.22,4.7,1.52,7.0,4.65,1.53,6.24,4.32,1.51,7.0,4.6,1.56,1.8,2.0,1.64,2.37,1.8,2.15,1.74,2.04,1.81,2.22,1.0,1.98,1.88,2.07,1.86,2.04,1.88,1.91,1.81,2.05,1.94,Premier League,2025/26
E0,2025-08-17,14:00:00,Chelsea,Crystal Palace,0,0,D,0,0,D,D England,19,12,3,4,10,12,11,2,2,3,0,0,1.62,4.33,4.5,1.62,4.2,5.5,1.61,4.35,5.25,1.6,4.1,5.0,1.6,4.2,5.25,1.6,4.2,5.25,1.6,4.2,5.0,1.66,4.12,5.25,1.64,4.35,5.5,1.61,4.21,5.08,1.67,4.5,5.4,1.67,2.2,1.67,2.29,1.67,2.3,1.63,2.22,1.71,2.36,-0.75,1.8,2.05,1.85,2.07,1.8,2.05,1.72,1.97,1.85,2.13,1.8,3.75,4.33,1.8,3.75,4.5,1.8,3.8,4.5,1.83,3.8,4.1,1.85,3.6,4.1,1.85,3.6,4.2,1.8,3.7,4.2,1.75,4.1,4.67,1.88,3.85,4.5,1.82,3.72,4.26,1.88,3.85,4.7,1.73,2.1,1.74,2.18,1.75,2.23,1.71,2.09,1.8,2.24,-0.5,1.85,2.0,1.74,2.21,1.85,2.03,1.79,1.97,1.88,2.12,Premier League,2025/26
E0,2025-08-17,14:00:00,Nott'm Forest,Brentford,3,1,H,3,0,H,P Bankes,11,10,5,3,7,15,5,5,1,2,0,0,2.2,3.3,3.5,2.15,3.5,3.5,2.14,3.45,3.55,2.15,3.2,3.4,2.15,3.4,3.4,2.15,3.4,3.4,2.15,3.4,3.3,2.25,3.38,3.4,2.2,3.5,3.55,2.15,3.36,3.43,2.24,3.55,3.55,2.0,1.85,2.01,1.88,2.0,1.91,1.92,1.83,2.06,1.91,-0.25,1.88,1.98,1.94,1.96,1.9,1.98,1.77,1.92,1.94,2.01,1.9,3.5,4.2,1.95,3.5,4.2,1.94,3.4,4.25,1.9,3.4,4.2,1.9,3.5,4.1,1.91,3.5,4.0,1.91,3.4,4.0,2.18,3.37,3.66,1.95,3.55,4.3,1.91,3.44,4.16,1.96,3.65,4.5,1.98,1.88,2.09,1.81,2.08,1.88,1.99,1.79,2.1,1.89,-0.5,1.88,1.98,2.18,1.76,1.91,1.98,1.86,1.89,1.96,2.03,Premier League,2025/26
E0,2025-08-17,16:30:00,Man United,Arsenal,0,1,A,0,1,A,S Hooper,22,9,7,3,10,19,3,4,1,4,0,0,3.6,3.6,1.95,3.75,3.6,2.05,3.6,3.65,2.04,3.6,3.5,1.95,3.4,3.5,2.1,3.4,3.5,2.1,3.4,3.5,2.05,3.74,3.72,2.01,3.75,3.66,2.1,3.57,3.56,2.01,3.9,3.75,2.06,1.83,2.03,1.84,2.06,1.83,2.03,1.8,1.97,1.92,2.06,0.5,1.85,2.0,1.89,2.02,1.86,2.0,1.79,1.96,1.92,2.06,3.8,3.7,1.91,4.0,3.75,1.91,3.9,3.8,1.92,3.7,3.75,1.93,3.7,3.7,1.95,3.9,3.7,1.91,3.7,3.6,1.95,3.84,3.71,2.0,4.0,3.8,1.97,3.79,3.7,1.93,4.1,3.8,1.99,1.73,2.1,1.74,2.18,1.73,2.2,1.69,2.12,1.8,2.24,0.5,1.88,1.98,1.91,2.01,1.93,1.98,1.86,1.89,2.0,1.99,Premier League,2025/26
E0,2025-08-18,20:00:00,Leeds,Everton,1,0,H,0,0,D,C Kavanagh,21,7,3,1,6,8,7,2,0,2,0,0,2.38,3.3,3.0,2.5,3.3,3.0,2.43,3.35,3.05,2.38,3.25,2.9,2.4,3.25,2.95,2.4,3.25,3.0,2.4,3.25,2.9,2.37,3.52,3.06,2.5,3.5,3.05,2.39,3.29,2.96,2.46,3.45,3.2,2.1,1.73,2.11,1.79,2.16,1.75,2.07,1.72,2.14,1.83,-0.25,2.05,1.8,2.05,1.86,2.05,1.8,1.94,1.75,2.1,1.88,2.35,3.25,3.1,2.38,3.25,3.3,2.33,3.25,3.25,2.38,3.2,3.1,2.35,3.2,3.1,2.3,3.2,3.2,2.3,3.2,3.1,2.36,3.3,3.32,2.4,3.3,3.3,2.34,3.21,3.16,2.54,3.3,3.25,2.2,1.67,2.2,1.74,2.2,1.73,2.13,1.68,2.28,1.76,-0.25,2.05,1.8,2.02,1.9,2.05,1.86,1.91,1.78,2.14,1.86,Premier League,2025/26
E0,2025-08-22,20:00:00,West Ham,Chelsea,1,5,A,1,3,A,M Oliver,12,12,4,7,7,10,7,5,0,1,0,0,4.75,3.8,1.73,5.0,4.0,1.67,4.9,3.9,1.71,4.6,4.0,1.7,4.6,3.9,1.72,4.6,3.9,1.73,4.5,3.8,1.73,4.94,3.95,1.74,5.0,4.0,1.76,4.68,3.88,1.71,5.1,4.0,1.78,1.73,2.1,1.75,2.17,1.77,2.15,1.72,2.09,1.83,2.18,0.75,1.93,1.93,1.97,1.95,1.93,1.94,1.83,1.86,1.97,2.0,4.5,3.8,1.75,5.0,3.75,1.67,4.9,3.85,1.73,5.0,3.8,1.7,4.6,3.8,1.73,4.8,3.9,1.67,4.8,3.9,1.67,5.17,4.14,1.68,5.0,3.95,1.8,4.75,3.82,1.72,5.3,4.1,1.75,1.8,2.0,1.73,2.19,1.8,2.17,1.72,2.08,1.83,2.18,0.75,1.83,2.03,2.06,1.87,1.95,2.03,1.85,1.89,2.02,1.96,Premier League,2025/26
E0,2025-08-23,12:30:00,Man City,Tottenham,0,2,A,0,2,A,P Bankes,10,12,4,5,7,12,7,2,1,4,0,0,1.48,4.5,6.25,1.5,5.0,6.0,1.5,4.75,6.1,1.45,4.8,6.5,1.47,4.6,6.25,1.48,4.6,6.0,1.48,4.6,6.0,1.49,5.0,6.01,1.5,5.0,6.5,1.48,4.7,6.08,1.52,5.1,6.6,1.44,2.75,1.48,2.73,1.52,2.75,1.46,2.62,1.53,2.86,-1.25,1.97,1.77,2.05,1.86,1.97,1.86,1.91,1.77,2.1,1.89,1.55,4.33,5.25,1.57,4.5,5.5,1.53,4.6,5.8,1.53,4.5,5.5,1.57,4.5,5.25,1.55,4.5,5.25,1.53,4.5,5.25,1.51,4.93,6.07,1.57,4.95,5.8,1.54,4.53,5.46,1.57,4.8,6.2,1.5,2.63,1.52,2.66,1.53,2.75,1.48,2.58,1.56,2.76,-1.0,1.87,1.87,1.83,2.11,1.87,2.09,1.81,1.95,1.94,2.04,Premier League,2025/26
E0,2025-08-23,15:00:00,Bournemouth,Wolves,1,0,H,1,0,H,T Bramall,14,6,4,1,13,16,8,3,2,4,0,1,1.8,3.8,4.2,1.8,4.0,4.5,1.82,3.9,4.3,1.75,3.9,4.33,1.78,3.9,4.2,1.8,3.9,4.2,1.8,3.8,4.2,1.79,3.98,4.4,1.82,4.0,4.5,1.79,3.88,4.24,1.85,4.0,4.6,1.73,2.1,1.76,2.16,1.79,2.1,1.72,2.06,1.8,2.2,-0.75,2.03,1.83,2.04,1.87,2.03,1.83,1.96,1.74,2.08,1.89,1.8,3.7,4.33,1.8,3.75,4.6,1.8,3.9,4.4,1.8,3.7,4.33,1.8,3.7,4.33,1.8,3.7,4.33,1.8,3.7,4.2,1.81,3.88,4.59,1.87,3.9,4.6,1.8,3.74,4.32,1.9,3.85,4.6,1.88,1.98,1.81,2.09,1.88,2.07,1.81,1.96,1.92,2.06,-0.75,2.05,1.8,2.05,1.88,2.07,1.81,1.99,1.76,2.17,1.83,Premier League,2025/26
E0,2025-08-23,15:00:00,Brentford,Aston Villa,1,0,H,1,0,H,T Harrington,9,17,2,2,11,9,2,9,1,2,0,0,3.1,3.6,2.2,3.2,3.5,2.3,3.15,3.65,2.23,3.1,3.6,2.2,3.1,3.5,2.2,3.1,3.5,2.2,3.1,3.5,2.2,3.26,3.49,2.27,3.2,3.66,2.3,3.11,3.53,2.21,3.3,3.65,2.34,1.8,2.0,1.83,2.06,1.82,2.05,1.77,2.0,1.87,2.1,0.25,1.9,1.95,1.93,1.97,1.9,1.95,1.86,1.8,1.93,1.98,3.4,3.5,2.1,3.5,3.6,2.15,3.3,3.5,2.2,3.25,3.5,2.15,3.2,3.4,2.2,3.1,3.4,2.25,3.2,3.4,2.2,3.29,3.48,2.29,3.5,3.6,2.28,3.25,3.45,2.18,3.5,3.65,2.22,1.88,1.98,1.99,1.92,1.91,1.98,1.85,1.91,1.96,2.02,0.25,2.03,1.83,1.94,1.98,2.03,1.93,1.92,1.78,2.04,1.93,Premier League,2025/26
E0,2025-08-23,15:00:00,Burnley,Sunderland,2,0,H,0,0,D,M Salisbury,7,9,2,1,9,5,4,3,0,1,0,0,2.2,3.2,3.5,2.25,3.2,3.6,2.28,3.25,3.4,2.2,3.1,3.6,2.3,3.2,3.25,2.3,3.2,3.25,2.3,3.1,3.25,2.21,3.26,3.63,2.3,3.25,3.6,2.25,3.16,3.42,2.32,3.25,3.7,2.3,1.62,2.4,1.62,2.32,1.64,2.26,1.6,2.48,1.65,-0.25,1.9,1.95,1.89,2.01,1.9,1.95,1.81,1.87,1.97,2.0,2.35,3.2,3.2,2.4,3.2,3.25,2.4,3.15,3.25,2.38,3.0,3.3,2.37,3.1,3.2,2.37,3.1,3.2,2.37,3.1,3.1,2.35,3.19,3.47,2.42,3.2,3.3,2.38,3.11,3.22,2.46,3.3,3.4,2.3,1.62,2.45,1.61,2.4,1.62,2.29,1.59,2.42,1.68,-0.25,2.0,1.85,2.0,1.93,2.02,1.85,1.94,1.8,2.09,1.9,Premier League,2025/26
E0,2025-08-23,17:30:00,Arsenal,Leeds,5,0,H,2,0,H,J Gillett,18,3,5,1,8,11,2,2,0,2,0,0,1.27,6.25,9.5,1.29,6.0,12.0,1.28,6.0,11.0,1.25,6.0,11.5,1.27,6.0,10.5,1.25,6.0,10.0,1.25,6.0,10.0,1.28,6.21,9.68,1.29,6.25,12.0,1.27,5.93,10.61,1.3,6.6,12.0,1.53,2.5,1.57,2.47,1.63,2.5,1.55,2.38,1.62,2.58,-1.75,2.0,1.85,2.04,1.85,2.0,1.85,1.95,1.75,2.1,1.86,1.33,5.5,8.5,1.33,5.5,10.0,1.33,5.5,9.5,1.33,5.25,9.0,1.32,5.5,9.0,1.35,5.25,8.5,1.33,5.25,8.0,1.34,5.55,9.7,1.35,5.65,10.0,1.33,5.36,8.94,1.35,5.8,11.0,1.62,2.3,1.65,2.33,1.66,2.3,1.62,2.25,1.71,2.38,-1.5,2.0,1.85,2.04,1.88,2.0,1.91,1.91,1.85,2.06,1.92,Premier League,2025/26
E0,2025-08-24,14:00:00,Crystal Palace,Nott'm Forest,1,1,D,1,0,H,A Taylor,8,9,4,1,11,11,1,3,3,3,0,0,2.35,3.3,3.1,2.38,3.3,3.2,2.38,3.3,3.15,2.3,3.25,3.0,2.35,3.3,3.0,2.37,3.3,3.0,2.37,3.25,3.0,2.41,3.25,3.22,2.4,3.3,3.2,2.35,3.26,3.07,2.46,3.35,3.25,2.1,1.73,2.14,1.76,2.15,1.78,2.05,1.73,2.22,1.8,-0.25,2.03,1.83,2.06,1.85,2.03,1.83,1.92,1.77,2.09,1.88,2.35,3.25,3.1,2.4,3.3,3.1,2.4,3.3,3.15,2.4,3.3,3.0,2.4,3.2,3.0,2.4,3.2,3.0,2.4,3.2,3.0,2.45,3.25,3.21,2.43,3.3,3.15,2.39,3.24,3.06,2.5,3.35,3.25,2.1,1.73,2.3,1.68,2.1,1.83,2.05,1.74,2.18,1.84,-0.25,1.99,1.74,2.1,1.84,2.04,1.81,1.95,1.77,2.13,1.88,Premier League,2025/26
E0,2025-08-24,14:00:00,Everton,Brighton,2,0,H,1,0,H,S Attwell,11,13,3,4,7,15,2,2,4,3,0,0,3.1,3.3,2.3,3.25,3.4,2.3,3.1,3.35,2.38,3.1,3.3,2.25,2.95,3.3,2.4,2.9,3.3,2.4,2.9,3.25,2.4,3.16,3.36,2.38,3.25,3.4,2.4,3.08,3.3,2.32,3.25,3.45,2.44,2.0,1.8,2.09,1.82,2.1,1.8,2.01,1.76,2.12,1.84,0.25,1.85,2.0,1.86,2.05,1.86,2.0,1.79,1.86,1.89,2.08,2.88,3.3,2.45,3.0,3.4,2.5,2.9,3.4,2.45,2.9,3.4,2.4,2.9,3.3,2.4,2.9,3.3,2.45,2.87,3.3,2.4,3.14,3.36,2.43,3.0,3.4,2.5,2.9,3.34,2.43,3.1,3.5,2.52,1.93,1.93,2.04,1.88,1.94,1.93,1.89,1.88,1.95,2.04,0.0,2.04,1.72,2.24,1.73,2.1,1.76,2.06,1.72,2.24,1.8,Premier League,2025/26
E0,2025-08-24,16:30:00,Fulham,Man United,1,1,D,0,0,D,C Kavanagh,13,10,4,3,12,10,9,6,1,1,0,0,3.25,3.5,2.15,3.3,3.6,2.2,3.35,3.65,2.15,3.2,3.5,2.1,3.3,3.6,2.1,3.3,3.6,2.1,3.3,3.5,2.1,3.3,3.54,2.23,3.35,3.65,2.2,3.27,3.53,2.13,3.5,3.65,2.24,1.8,2.0,1.85,2.04,1.8,2.07,1.77,1.99,1.9,2.08,0.25,1.98,1.88,1.97,1.93,1.98,1.88,1.91,1.75,2.04,1.93,3.4,3.6,2.05,3.5,3.6,2.1,3.65,3.45,2.08,3.13,3.6,2.05,3.4,3.5,2.1,3.4,3.5,2.1,3.4,3.5,2.05,3.53,3.49,2.18,3.65,3.65,2.1,3.45,3.51,2.08,3.7,3.7,2.16,1.73,2.1,1.85,2.07,1.81,2.1,1.76,2.02,1.86,2.14,0.25,2.03,1.83,2.04,1.88,2.04,1.83,2.01,1.71,2.13,1.87,Premier League,2025/26
E0,2025-08-25,20:00:00,Newcastle,Liverpool,2,3,A,0,1,A,S Hooper,10,5,3,4,17,15,7,1,2,3,1,0,3.25,3.8,2.05,3.4,3.75,2.1,3.45,4.0,2.0,3.2,3.8,2.0,3.4,3.9,1.98,3.4,3.9,2.0,3.3,3.8,2.0,3.29,3.92,2.11,3.45,4.0,2.1,3.3,3.83,2.02,3.45,3.95,2.12,1.57,2.38,1.58,2.49,1.57,2.55,1.53,2.43,1.58,2.58,0.25,2.03,1.83,2.06,1.85,2.03,1.83,2.0,1.68,2.12,1.86,2.9,3.6,2.3,3.0,3.6,2.4,3.0,3.7,2.3,2.9,3.8,2.25,2.9,3.6,2.25,2.9,3.6,2.25,2.9,3.6,2.25,2.97,3.74,2.36,3.0,3.8,2.4,2.92,3.65,2.29,3.1,3.8,2.38,1.57,2.38,1.6,2.42,1.63,2.5,1.56,2.37,1.63,2.58,0.25,1.83,2.03,1.87,2.07,1.85,2.03,1.83,1.88,1.93,2.06,Premier League,2025/26
E0,2025-08-30,12:30:00,Chelsea,Fulham,2,0,H,1,0,H,R Jones,13,11,6,3,11,17,6,4,2,2,0,0,1.55,4.33,5.25,1.57,4.33,6.0,1.56,4.4,5.8,1.55,4.2,5.75,1.55,4.5,5.25,1.53,4.5,5.5,1.53,4.5,5.5,1.57,4.37,5.75,1.57,4.5,6.0,1.55,4.35,5.6,1.62,4.4,6.0,1.67,2.2,1.71,2.22,1.71,2.22,1.67,2.16,1.74,2.28,-1.0,1.95,1.9,1.97,1.93,1.95,1.91,1.89,1.87,2.05,1.92,1.67,3.9,4.75,1.73,4.0,5.5,1.66,4.1,5.2,1.65,3.9,5.25,1.68,3.9,4.8,1.67,3.9,4.8,1.67,3.9,4.8,1.67,3.97,5.49,1.73,4.1,5.5,1.67,3.93,5.03,1.76,3.95,5.4,1.85,2.0,1.78,2.13,1.85,2.12,1.79,1.98,1.9,2.08,-1.0,2.2,1.65,2.16,1.78,2.2,1.76,2.09,1.7,2.32,1.74,Premier League,2025/26
E0,2025-08-30,15:00:00,Man United,Burnley,3,2,H,1,0,H,S Barrott,26,6,6,3,9,9,7,1,1,5,0,0,1.33,5.25,8.0,1.33,5.5,9.0,1.37,5.2,8.0,1.33,5.25,9.0,1.36,5.25,8.25,1.36,5.25,8.0,1.35,5.0,8.0,1.36,5.39,8.45,1.4,5.5,9.0,1.35,5.15,8.28,1.39,5.6,9.2,1.67,2.2,1.67,2.3,1.73,2.2,1.65,2.17,1.7,2.4,-1.5,2.03,1.83,2.06,1.85,2.04,1.83,1.98,1.78,2.04,1.92,1.4,5.25,7.0,1.36,5.0,8.0,1.38,5.3,7.5,1.36,5.0,8.0,1.4,5.0,7.25,1.4,5.0,7.5,1.4,5.0,7.5,1.4,5.11,7.98,1.4,5.3,8.0,1.38,5.06,7.6,1.42,5.4,8.6,1.57,2.38,1.63,2.39,1.6,2.48,1.56,2.36,1.63,2.56,-1.25,1.88,1.98,1.89,2.03,1.88,2.05,1.76,1.99,1.9,2.08,Premier League,2025/26
E0,2025-08-30,15:00:00,Sunderland,Brentford,2,1,H,0,0,D,A Taylor,12,7,3,4,11,12,3,4,3,2,0,0,3.0,3.3,2.4,3.0,3.3,2.5,2.9,3.35,2.5,2.9,3.3,2.45,2.9,3.3,2.45,2.9,3.3,2.45,2.87,3.25,2.45,3.03,3.24,2.53,3.0,3.35,2.54,2.92,3.27,2.46,3.15,3.35,2.58,2.1,1.73,2.14,1.77,2.1,1.8,2.04,1.73,2.2,1.79,0.0,2.08,1.73,2.15,1.79,2.1,1.93,1.95,1.79,2.2,1.8,3.1,3.3,2.3,3.2,3.3,2.38,3.2,3.2,2.4,3.1,3.3,2.3,3.0,3.25,2.37,3.0,3.25,2.37,3.0,3.2,2.37,3.08,3.29,2.5,3.2,3.4,2.42,3.1,3.25,2.35,3.3,3.45,2.42,2.1,1.73,2.15,1.78,2.17,1.78,2.07,1.73,2.16,1.84,0.25,1.85,2.0,1.81,2.15,1.85,2.03,1.8,1.89,1.91,2.07,Premier League,2025/26
E0,2025-08-30,15:00:00,Tottenham,Bournemouth,0,1,A,0,1,A,S Hooper,5,20,1,6,17,13,0,8,2,4,0,0,1.73,4.2,4.2,1.73,3.75,4.2,1.76,4.2,4.3,1.73,4.1,4.33,1.72,4.0,4.5,1.73,4.0,4.5,1.73,3.9,4.4,1.76,4.14,4.39,1.76,4.25,4.5,1.73,4.06,4.29,1.79,4.3,4.6,1.57,2.38,1.59,2.47,1.6,2.55,1.54,2.38,1.63,2.52,-0.75,1.95,1.9,1.99,1.92,1.95,1.9,1.91,1.84,2.0,1.96,1.91,3.75,3.75,1.9,3.6,3.75,1.88,3.85,4.0,1.9,3.8,3.75,1.88,3.7,3.8,1.91,3.7,3.8,1.91,3.7,3.8,1.97,3.71,3.97,1.94,3.85,4.0,1.89,3.75,3.84,1.96,3.85,4.2,1.67,2.2,1.68,2.31,1.67,2.35,1.63,2.22,1.73,2.32,-0.5,1.93,1.93,1.98,1.94,1.93,1.95,1.85,1.91,1.96,2.03,Premier League,2025/26
E0,2025-08-30,15:00:00,Wolves,Everton,2,3,A,1,2,A,M Oliver,12,10,4,4,15,10,2,2,0,1,0,0,2.7,3.2,2.75,2.75,3.2,2.8,2.63,3.3,2.8,2.63,3.25,2.7,2.65,3.2,2.75,2.62,3.2,2.75,2.62,3.1,2.75,2.74,3.23,2.79,2.75,3.3,2.8,2.66,3.19,2.74,2.9,3.25,2.84,2.2,1.67,2.27,1.68,2.23,1.68,2.17,1.65,2.3,1.72,0.0,1.93,1.93,1.93,1.97,1.93,1.97,1.82,1.92,2.01,1.96,3.4,3.2,2.25,3.4,3.1,2.38,3.35,3.15,2.38,3.4,3.13,2.3,3.25,3.1,2.3,3.3,3.1,2.3,3.25,3.0,2.3,3.21,3.2,2.48,3.4,3.2,2.38,3.33,3.11,2.32,3.55,3.3,2.38,2.5,1.53,2.49,1.59,2.5,1.6,2.43,1.53,2.6,1.6,0.25,1.88,1.98,1.83,2.11,1.88,1.98,1.84,1.86,1.96,2.02,Premier League,2025/26
E0,2025-08-30,17:30:00,Leeds,Newcastle,0,0,D,0,0,D,P Bankes,10,8,1,2,10,15,5,5,1,1,0,0,3.5,3.4,2.1,3.4,3.6,2.15,3.5,3.55,2.1,3.3,3.6,2.1,3.25,3.5,2.15,3.25,3.5,2.15,3.25,3.5,2.15,3.47,3.54,2.16,3.5,3.6,2.2,3.37,3.49,2.12,3.7,3.65,2.16,1.8,2.0,1.85,2.04,1.8,2.08,1.76,2.01,1.89,2.08,0.25,2.03,1.83,2.04,1.87,2.03,1.83,1.97,1.73,2.13,1.87,3.9,3.4,2.0,3.25,3.4,2.1,3.85,3.4,2.05,3.7,3.4,2.05,3.75,3.3,2.0,3.7,3.3,2.05,3.7,3.3,2.05,3.16,3.55,2.33,3.9,3.45,2.25,3.67,3.36,2.06,3.8,3.6,2.16,2.1,1.73,2.0,1.91,2.1,1.8,2.03,1.75,2.16,1.84,0.5,1.8,2.05,1.68,2.33,1.8,2.2,1.73,2.05,1.85,2.16,Premier League,2025/26
E0,2025-08-31,14:00:00,Brighton,Man City,2,1,H,0,1,A,D England,12,12,7,3,16,14,3,2,2,2,0,0,3.8,3.9,1.9,3.75,4.0,1.91,3.9,4.0,1.87,3.7,3.8,1.85,3.9,3.9,1.83,3.6,3.6,1.75,3.6,3.6,1.75,3.92,3.89,1.91,4.0,4.0,1.91,3.78,3.84,1.85,4.0,4.0,1.95,1.62,2.3,1.63,2.37,1.62,2.38,1.57,2.32,1.63,2.54,0.5,1.98,1.88,1.98,1.92,1.98,1.88,1.93,1.82,2.02,1.95,3.6,3.6,2.0,3.4,3.5,2.1,3.55,3.7,2.04,3.4,3.7,2.05,3.5,3.7,1.98,3.5,3.7,2.0,3.5,3.6,2.0,3.77,3.79,2.0,3.6,3.7,2.1,3.47,3.64,2.03,3.8,3.75,2.1,1.53,2.32,1.54,2.58,1.63,2.4,1.57,2.33,1.64,2.52,0.5,1.8,2.05,1.92,2.01,1.81,2.07,1.77,2.0,1.89,2.1,Premier League,2025/26
E0,2025-08-31,14:00:00,Nott'm Forest,West Ham,0,3,A,0,0,D,C Pawson,11,12,3,8,14,6,9,7,0,0,0,0,1.67,3.75,5.25,1.7,3.75,5.5,1.7,3.8,5.25,1.65,3.7,5.0,1.72,3.7,4.8,1.73,3.7,4.8,1.67,3.5,4.5,1.69,3.98,5.13,1.73,3.85,5.5,1.69,3.74,5.03,1.72,4.0,5.5,1.98,1.88,1.98,1.91,2.0,1.91,1.94,1.82,2.02,1.94,-0.75,1.88,1.98,1.91,2.0,1.88,1.98,1.86,1.88,1.92,2.03,1.62,4.0,5.0,1.67,4.0,5.5,1.65,4.2,5.1,1.65,4.0,5.0,1.66,4.0,5.0,1.67,3.9,4.8,1.67,3.9,4.8,1.69,4.0,5.17,1.69,4.2,5.5,1.65,4.01,4.98,1.71,4.2,5.4,1.68,2.05,1.81,2.08,1.8,2.15,1.72,2.07,1.77,2.26,-0.75,1.83,2.03,1.9,2.03,1.84,2.03,1.8,1.94,1.9,2.09,Premier League,2025/26
E0,2025-08-31,16:30:00,Liverpool,Arsenal,1,0,H,0,0,D,C Kavanagh,9,11,3,1,7,10,3,8,2,2,0,0,2.2,3.5,3.2,2.25,3.6,3.2,2.25,3.5,3.25,2.15,3.5,3.1,2.15,3.6,3.2,2.15,3.6,3.2,2.15,3.5,3.1,2.27,3.47,3.28,2.25,3.6,3.25,2.2,3.49,3.17,2.28,3.55,3.45,1.73,2.1,1.76,2.14,1.81,2.1,1.73,2.06,1.8,2.2,-0.25,1.9,1.95,1.96,1.94,1.91,1.95,1.85,1.89,1.96,2.0,2.38,3.4,3.0,2.4,3.5,3.0,2.38,3.35,3.1,2.38,3.3,3.0,2.35,3.3,3.0,2.37,3.3,3.0,2.37,3.3,3.0,2.4,3.53,3.05,2.4,3.5,3.1,2.37,3.33,3.01,2.46,3.5,3.2,1.73,2.1,1.74,2.19,1.81,2.1,1.77,2.0,1.88,2.12,-0.25,2.05,1.8,2.08,1.85,2.05,1.81,1.96,1.78,2.11,1.88,Premier League,2025/26
E0,2025-08-31,19:00:00,Aston Villa,Crystal Palace,0,3,A,0,1,A,S Attwell,13,6,4,4,7,14,10,1,2,3,0,0,1.85,3.7,4.0,1.91,3.6,4.2,1.89,3.6,4.2,1.83,3.5,4.1,1.93,3.5,4.0,1.95,3.5,4.0,1.91,3.4,3.9,1.9,3.69,4.21,1.95,3.75,4.2,1.88,3.56,4.07,1.92,3.65,4.5,1.98,1.88,2.03,1.86,2.04,1.91,1.95,1.81,2.08,1.89,-0.5,1.88,1.98,1.91,2.0,1.9,1.98,1.84,1.91,1.92,2.06,2.15,3.6,3.2,2.1,3.6,3.5,2.08,3.55,3.6,2.05,3.6,3.4,2.1,3.4,3.4,2.1,3.4,3.5,2.1,3.3,3.5,2.03,3.51,3.98,2.15,3.65,3.6,2.09,3.51,3.44,2.18,3.6,3.7,1.8,2.0,2.04,1.88,1.91,2.05,1.8,1.96,1.86,2.14,-0.25,1.82,1.92,1.75,2.21,1.82,2.05,1.74,1.99,1.89,2.11,Premier League,2025/26
I1,2025-08-23,17:30:00,Genoa,Lecce,0,0,D,0,0,D,,5,7,2,0,16,13,3,7,2,3,0,0,1.9,3.3,4.5,1.95,3.25,4.33,1.88,3.3,4.2,1.9,3.25,4.4,1.95,3.25,4.2,1.95,3.25,4.2,1.95,3.25,4.2,1.93,3.43,4.47,1.95,3.4,4.5,1.91,3.28,4.29,1.99,3.45,4.7,2.38,1.57,2.44,1.58,2.45,1.58,2.36,1.55,2.58,1.6,-0.5,1.9,1.95,1.93,1.97,1.91,1.95,1.87,1.88,1.99,1.99,1.75,3.4,5.25,1.73,3.3,5.5,1.66,3.45,5.4,1.73,3.4,5.25,1.78,3.4,5.0,1.8,3.4,5.0,1.8,3.4,5.0,1.75,3.48,5.88,1.8,3.5,5.75,1.73,3.4,5.29,1.81,3.5,6.0,2.5,1.53,2.4,1.62,2.5,1.58,2.42,1.53,2.62,1.6,-0.75,2.03,1.83,2.0,1.93,2.03,1.88,1.94,1.8,2.11,1.88,Serie A,2025/26
I1,2025-08-23,17:30:00,Sassuolo,Napoli,0,2,A,0,1,A,,7,13,2,4,17,17,1,2,3,1,1,0,6.0,4.0,1.57,6.5,4.0,1.53,6.4,4.1,1.48,6.0,4.0,1.55,5.75,4.0,1.57,5.75,4.0,1.57,5.75,4.0,1.57,6.35,3.93,1.6,6.5,4.2,1.58,6.08,4.02,1.54,6.8,4.1,1.63,1.98,1.88,2.02,1.88,1.98,1.91,1.92,1.83,2.04,1.92,1.0,1.85,2.0,1.87,2.05,1.85,2.0,1.82,1.89,1.88,2.08,5.75,3.7,1.65,5.5,3.75,1.67,5.6,3.8,1.57,6.0,3.7,1.62,5.5,3.75,1.65,5.5,3.75,1.65,5.5,3.7,1.65,6.1,3.79,1.66,6.0,3.9,1.67,5.68,3.76,1.62,6.4,3.85,1.7,2.03,1.83,2.0,1.9,2.05,1.86,1.97,1.8,2.06,1.9,0.75,2.03,1.83,2.08,1.85,2.06,1.83,1.97,1.78,2.07,1.91,Serie A,2025/26
I1,2025-08-23,19:45:00,Milan,Cremonese,1,2,A,1,1,D,,24,4,6,3,10,14,9,2,1,4,0,0,1.33,5.25,9.0,1.33,5.0,9.5,1.3,5.2,8.5,1.33,5.0,9.0,1.36,5.0,8.25,1.36,5.0,8.0,1.35,5.0,8.0,1.36,5.42,8.57,1.36,5.3,9.5,1.34,5.09,8.57,1.35,5.7,10.5,1.67,2.2,1.66,2.31,1.67,2.38,1.61,2.25,1.68,2.4,-1.5,2.0,1.85,2.03,1.88,2.0,1.85,1.94,1.81,2.03,1.91,1.3,5.5,9.5,1.33,5.0,10.0,1.33,5.0,8.0,1.3,5.25,10.0,1.35,5.0,9.0,1.35,5.0,9.0,1.35,5.0,8.5,1.42,4.9,8.05,1.4,5.5,10.5,1.34,5.08,8.95,1.35,5.5,12.5,1.73,2.1,1.74,2.19,1.75,2.18,1.7,2.11,1.8,2.22,-1.5,1.93,1.93,2.22,1.72,2.1,1.93,1.98,1.79,2.02,1.94,Serie A,2025/26
I1,2025-08-23,19:45:00,Roma,Bologna,1,0,H,0,0,D,,14,10,4,2,15,13,2,4,1,1,0,0,2.1,3.3,3.5,2.1,3.3,3.6,2.05,3.25,3.55,2.1,3.3,3.6,2.1,3.3,3.5,2.15,3.3,3.5,2.1,3.25,3.5,2.13,3.32,3.79,2.15,3.4,3.65,2.1,3.28,3.56,2.2,3.4,3.9,2.1,1.73,2.16,1.75,2.17,1.73,2.11,1.69,2.22,1.78,-0.25,1.8,2.05,1.83,2.09,1.82,2.05,1.73,1.96,1.87,2.11,2.2,3.2,3.5,2.15,3.2,3.6,2.04,3.25,3.6,2.15,3.25,3.5,2.1,3.2,3.6,2.1,3.2,3.6,2.1,3.2,3.6,2.16,3.25,3.87,2.2,3.3,3.75,2.12,3.22,3.6,2.26,3.25,3.9,2.2,1.67,2.26,1.7,2.25,1.68,2.17,1.66,2.34,1.73,-0.25,1.88,1.98,1.85,2.09,1.88,2.05,1.76,1.99,1.92,2.07,Serie A,2025/26
I1,2025-08-24,17:30:00,Cagliari,Fiorentina,1,1,D,0,0,D,,14,4,6,1,18,14,3,2,4,2,0,0,3.25,3.3,2.25,3.2,3.25,2.3,3.2,3.25,2.2,3.13,3.3,2.2,3.0,3.3,2.3,3.0,3.3,2.3,3.0,3.3,2.3,3.38,3.32,2.29,3.33,3.33,2.3,3.17,3.27,2.25,3.55,3.35,2.3,2.1,1.73,2.09,1.8,2.1,1.78,2.03,1.74,2.16,1.83,0.25,1.93,1.93,1.95,1.95,1.93,1.93,1.85,1.8,2.0,1.96,3.0,3.0,2.55,3.0,3.1,2.5,3.1,3.1,2.32,3.0,3.2,2.4,3.0,3.1,2.45,3.1,3.2,2.37,3.1,3.2,2.37,3.6,3.22,2.28,3.2,3.2,2.55,3.07,3.13,2.41,3.35,3.15,2.6,2.3,1.62,2.29,1.69,2.3,1.66,2.24,1.62,2.46,1.67,0.25,1.7,2.1,1.98,1.94,1.83,2.1,1.77,1.93,1.83,2.17,Serie A,2025/26
I1,2025-08-24,17:30:00,Como,Lazio,2,0,H,0,0,D,,19,5,6,1,15,12,6,0,2,3,0,0,2.4,3.25,3.0,2.5,3.25,2.88,2.38,3.3,2.85,2.4,3.3,2.8,2.5,3.3,2.8,2.5,3.3,2.8,2.5,3.3,2.75,2.49,3.37,3.0,2.5,3.35,3.0,2.44,3.29,2.86,2.6,3.35,3.1,2.03,1.83,2.03,1.86,2.03,1.83,1.98,1.78,2.08,1.88,-0.25,2.1,1.78,2.14,1.79,2.1,1.78,1.99,1.71,2.21,1.8,2.3,3.3,3.1,2.3,3.3,3.1,2.3,3.35,2.9,2.3,3.4,3.0,2.35,3.3,3.0,2.4,3.3,2.9,2.4,3.3,2.87,2.48,3.38,3.05,2.4,3.4,3.14,2.33,3.33,3.01,2.4,3.4,3.4,1.93,1.93,1.95,1.95,1.94,1.93,1.9,1.86,2.02,1.95,-0.25,1.98,1.88,2.13,1.81,2.04,1.88,1.94,1.8,2.06,1.93,Serie A,2025/26
I1,2025-08-24,19:45:00,Atalanta,Pisa,1,1,D,0,1,A,,21,11,6,2,9,10,10,4,2,0,0,0,1.4,5.0,7.0,1.4,4.6,8.0,1.32,5.1,8.0,1.36,4.75,7.5,1.4,4.8,7.5,1.4,4.8,7.5,1.4,4.8,7.5,1.42,4.94,7.54,1.41,5.1,8.0,1.38,4.86,7.63,1.43,5.2,8.4,1.67,2.2,1.68,2.27,1.67,2.3,1.61,2.24,1.7,2.36,-1.5,2.08,1.73,2.15,1.76,2.1,1.82,2.04,1.73,2.19,1.78,1.48,4.5,6.5,1.44,4.33,7.0,1.38,4.7,7.0,1.44,4.4,7.0,1.47,4.5,6.5,1.44,4.6,7.0,1.44,4.5,7.0,1.45,4.66,7.56,1.48,4.75,7.5,1.44,4.52,6.97,1.51,4.6,7.8,1.8,2.0,1.79,2.11,1.8,2.1,1.75,2.03,1.86,2.12,-1.25,2.08,1.73,2.03,1.89,2.08,1.89,1.91,1.83,2.1,1.89,Serie A,2025/26
I1,2025-08-24,19:45:00,Juventus,Parma,2,0,H,0,0,D,,25,8,8,2,9,13,6,6,1,2,1,0,1.42,4.75,7.5,1.4,4.6,8.0,1.41,4.5,7.0,1.4,4.4,7.5,1.43,4.6,7.0,1.44,4.6,7.0,1.44,4.6,7.0,1.43,4.8,7.58,1.44,4.75,8.0,1.42,4.58,7.26,1.46,5.0,8.4,1.73,2.1,1.78,2.11,1.8,2.15,1.72,2.06,1.8,2.18,-1.25,1.98,1.88,2.0,1.91,1.98,1.9,1.87,1.82,2.04,1.89,1.42,4.5,8.0,1.4,4.5,9.0,1.4,4.4,7.5,1.4,4.4,8.5,1.42,4.5,7.75,1.4,4.6,7.5,1.4,4.5,7.5,1.42,4.9,8.01,1.44,4.7,9.0,1.41,4.46,7.98,1.43,5.0,9.2,2.1,1.73,1.86,2.05,2.1,1.93,1.95,1.82,2.08,1.9,-1.25,2.0,1.85,1.99,1.93,2.0,1.89,1.92,1.83,2.06,1.92,Serie A,2025/26
I1,2025-08-25,17:30:00,Udinese,Verona,1,1,D,0,0,D,,14,9,4,3,14,14,5,1,3,2,0,0,1.95,3.3,4.1,2.0,3.3,4.0,1.91,3.45,3.85,1.95,3.3,3.9,1.98,3.3,4.0,2.0,3.3,4.0,1.95,3.25,4.0,1.98,3.46,4.17,2.0,3.5,4.1,1.95,3.33,3.95,1.98,3.55,4.5,2.2,1.67,2.21,1.72,2.2,1.7,2.14,1.67,2.28,1.74,-0.5,1.98,1.88,1.98,1.92,1.98,1.88,1.92,1.83,1.98,1.98,1.95,3.2,4.33,1.95,3.1,4.5,1.86,3.25,4.4,1.9,3.25,4.2,1.93,3.2,4.4,1.95,3.2,4.4,1.91,3.2,4.4,1.89,3.37,4.87,2.0,3.3,4.5,1.93,3.21,4.37,2.02,3.3,4.9,2.63,1.5,2.54,1.55,2.63,1.54,2.51,1.5,2.74,1.56,-0.5,1.98,1.88,1.9,2.02,1.98,1.91,1.9,1.86,2.02,1.97,Serie A,2025/26
I1,2025-08-25,19:45:00,Inter,Torino,5,0,H,2,0,H,,20,12,9,4,14,6,6,5,0,0,0,0,1.42,4.75,7.5,1.4,4.6,8.0,1.37,4.8,7.5,1.4,4.5,7.5,1.43,4.6,7.25,1.44,4.6,7.0,1.44,4.6,7.0,1.44,4.83,7.32,1.44,4.9,8.0,1.41,4.67,7.28,1.44,5.2,8.4,1.73,2.1,1.72,2.2,1.73,2.2,1.68,2.12,1.75,2.24,-1.25,1.93,1.93,1.97,1.93,1.95,1.93,1.82,1.86,2.0,1.96,1.36,5.0,8.5,1.36,5.0,8.5,1.32,5.0,8.5,1.33,5.0,8.5,1.36,5.0,8.5,1.36,5.0,8.5,1.36,5.0,8.0,1.36,5.35,9.0,1.38,5.33,9.0,1.35,5.03,8.46,1.39,5.4,10.0,1.67,2.2,1.68,2.3,1.68,2.25,1.65,2.18,1.71,2.38,-1.5,2.03,1.83,2.09,1.85,2.04,1.85,1.99,1.78,2.11,1.87,Serie A,2025/26
I1,2025-08-29,17:30:00,Cremonese,Sassuolo,3,2,H,2,0,H,,11,9,6,6,12,17,5,4,2,2,0,0,2.6,3.2,2.75,2.6,3.2,2.8,2.55,3.25,2.88,2.6,3.13,2.8,2.5,3.25,2.85,2.5,3.25,2.87,2.5,3.2,2.87,2.66,3.25,2.9,2.6,3.25,2.9,2.55,3.2,2.82,2.72,3.35,2.98,2.1,1.73,2.14,1.78,2.11,1.77,2.04,1.74,2.18,1.83,0.0,1.85,2.0,1.88,2.05,1.85,2.07,1.76,2.0,1.9,2.09,2.8,3.1,2.6,2.8,3.2,2.6,2.63,3.3,2.7,2.8,3.0,2.7,2.8,3.1,2.6,2.7,3.1,2.7,2.7,3.1,2.7,2.72,3.29,2.81,2.8,3.3,2.83,2.73,3.15,2.67,3.0,3.2,2.8,2.2,1.67,2.14,1.78,2.2,1.74,2.12,1.69,2.3,1.75,0.0,2.03,1.83,1.93,2.0,2.03,2.07,1.83,1.93,2.06,1.92,Serie A,2025/26
I1,2025-08-29,19:45:00,Lecce,Milan,0,2,A,0,0,D,,7,14,2,6,10,8,4,5,1,0,0,0,6.0,3.9,1.57,6.0,4.0,1.57,6.25,4.0,1.55,6.5,3.8,1.55,5.75,4.0,1.58,5.75,4.0,1.6,5.75,3.9,1.57,6.32,3.93,1.62,6.5,4.0,1.6,6.03,3.94,1.57,6.6,4.0,1.66,2.0,1.85,2.03,1.88,2.0,1.85,1.96,1.81,2.1,1.88,1.0,1.8,2.05,1.85,2.09,1.84,2.05,1.8,1.97,1.85,2.13,7.0,3.7,1.53,6.5,3.75,1.57,6.25,3.95,1.57,7.0,3.75,1.53,6.25,3.75,1.58,6.5,3.75,1.57,6.5,3.7,1.57,6.9,3.95,1.58,7.0,3.95,1.6,6.48,3.8,1.56,7.6,4.0,1.61,2.1,1.73,2.16,1.76,2.11,1.82,2.04,1.74,2.2,1.82,1.0,1.85,2.0,1.88,2.04,1.85,2.0,1.82,1.95,1.89,2.09,Serie A,2025/26
I1,2025-08-30,17:30:00,Bologna,Como,1,0,H,0,0,D,,15,13,2,2,13,19,7,4,4,3,0,0,2.45,3.1,3.1,2.4,3.1,3.1,2.38,3.25,3.1,2.4,3.2,3.0,2.45,3.1,3.0,2.45,3.1,3.0,2.45,3.1,3.0,2.53,3.13,3.14,2.57,3.25,3.1,2.42,3.14,3.04,2.6,3.2,3.25,2.3,1.62,2.33,1.66,2.3,1.65,2.23,1.61,2.42,1.67,-0.25,2.1,1.78,2.15,1.79,2.1,1.79,1.98,1.76,2.19,1.81,2.88,3.1,2.63,2.88,3.1,2.63,2.65,3.2,2.75,2.7,3.13,2.7,2.75,3.0,2.7,2.8,3.1,2.7,2.75,3.0,2.7,2.62,3.21,2.99,2.88,3.2,2.8,2.73,3.11,2.7,2.92,3.15,2.92,2.2,1.67,2.13,1.79,2.3,1.73,2.17,1.66,2.38,1.69,0.0,2.03,1.83,1.84,2.1,2.03,1.93,1.93,1.86,1.99,2.0,Serie A,2025/26
I1,2025-08-30,17:30:00,Parma,Atalanta,1,1,D,0,0,D,,7,11,3,3,8,15,1,2,2,2,0,0,4.1,3.5,1.91,4.0,3.5,1.95,3.75,3.55,1.98,4.0,3.4,1.95,3.8,3.5,1.98,3.8,3.5,2.0,3.8,3.4,1.95,3.99,3.57,1.98,4.1,3.55,2.08,3.82,3.49,1.96,4.2,3.55,2.06,1.93,1.93,1.91,1.97,1.93,1.94,1.86,1.89,1.95,2.0,0.5,1.9,1.95,1.92,1.99,1.9,2.0,1.82,1.92,1.94,2.04,4.33,3.75,1.8,4.33,3.75,1.8,4.6,3.7,1.76,4.75,3.7,1.73,4.5,3.7,1.77,4.4,3.6,1.8,4.33,3.6,1.8,4.55,3.8,1.83,4.75,3.85,1.8,4.47,3.7,1.77,5.0,3.9,1.82,1.73,2.1,1.94,1.96,1.83,2.1,1.78,1.99,1.83,2.16,0.75,1.83,2.03,1.85,2.09,1.87,2.03,1.79,1.96,1.92,2.06,Serie A,2025/26
I1,2025-08-30,19:45:00,Napoli,Cagliari,1,0,H,0,0,D,,20,10,6,1,16,12,13,0,2,1,0,0,1.3,5.0,11.0,1.3,5.0,11.0,1.29,5.6,10.5,1.29,5.25,11.0,1.31,5.25,10.5,1.3,5.25,10.0,1.3,5.25,10.0,1.32,5.39,10.32,1.33,5.6,11.0,1.3,5.23,10.34,1.34,5.7,12.0,1.85,2.0,1.88,2.0,1.85,2.04,1.78,1.98,1.89,2.08,-1.5,1.98,1.88,2.01,1.9,1.98,1.92,1.9,1.86,2.04,1.91,1.4,4.33,9.0,1.4,4.2,9.5,1.4,4.5,8.5,1.4,4.33,8.5,1.42,4.33,8.5,1.44,4.33,8.0,1.44,4.2,8.0,1.41,4.67,8.94,1.44,4.5,9.5,1.41,4.34,8.59,1.44,4.6,10.5,2.2,1.67,2.08,1.81,2.22,1.74,2.12,1.68,2.3,1.76,-1.25,2.0,1.85,2.0,1.93,2.04,1.87,1.93,1.82,2.11,1.87,Serie A,2025/26
I1,2025-08-30,19:45:00,Pisa,Roma,0,1,A,0,0,D,,7,10,3,5,14,10,1,7,2,1,0,0,5.25,3.6,1.7,5.0,3.6,1.73,5.1,3.9,1.67,5.0,3.7,1.7,4.75,3.7,1.73,4.8,3.7,1.75,4.6,3.7,1.73,5.15,3.76,1.74,5.33,3.9,1.75,4.96,3.69,1.7,5.6,3.85,1.78,2.03,1.83,2.04,1.85,2.03,1.83,1.97,1.79,2.06,1.88,0.75,1.9,1.95,1.93,1.97,1.94,1.95,1.86,1.88,1.97,2.0,5.25,3.5,1.73,5.0,3.6,1.73,5.3,3.75,1.68,5.25,3.6,1.7,5.25,3.5,1.72,5.25,3.5,1.73,5.0,3.5,1.7,5.55,3.53,1.75,5.5,3.75,1.73,5.21,3.58,1.7,5.9,3.75,1.76,2.1,1.73,2.13,1.78,2.15,1.76,2.07,1.72,2.18,1.83,0.75,1.9,1.95,1.93,2.0,1.94,1.95,1.86,1.88,1.98,2.0,Serie A,2025/26
I1,2025-08-31,17:30:00,Genoa,Juventus,0,1,A,0,0,D,,10,13,1,3,14,15,3,4,1,2,0,0,4.5,3.4,1.85,4.5,3.3,1.9,4.25,3.5,1.87,4.4,3.3,1.83,4.4,3.3,1.87,4.4,3.3,1.85,4.4,3.3,1.85,4.51,3.48,1.9,4.5,3.5,1.91,4.38,3.36,1.86,5.0,3.45,1.92,2.3,1.62,2.41,1.62,2.33,1.62,2.28,1.59,2.5,1.65,0.5,2.0,1.85,2.0,1.91,2.0,1.86,1.92,1.83,2.06,1.92,5.25,3.2,1.83,5.0,3.2,1.83,5.3,3.15,1.83,4.8,3.2,1.85,4.8,3.2,1.87,4.8,3.2,1.85,4.8,3.2,1.85,5.09,3.39,1.85,5.3,3.33,1.87,4.99,3.18,1.84,5.6,3.4,1.88,2.75,1.44,2.64,1.52,2.75,1.53,2.57,1.48,2.74,1.56,0.5,2.03,1.83,2.07,1.87,2.03,1.85,1.95,1.81,2.12,1.87,Serie A,2025/26
I1,2025-08-31,17:30:00,Torino,Fiorentina,0,0,D,0,0,D,,7,16,4,4,21,13,7,3,2,2,0,0,3.2,3.1,2.4,3.2,3.1,2.38,3.15,3.25,2.32,3.1,3.13,2.3,3.1,3.2,2.4,3.1,3.2,2.4,3.1,3.1,2.37,3.21,3.16,2.47,3.2,3.25,2.41,3.13,3.15,2.36,3.4,3.2,2.48,2.3,1.62,2.42,1.61,2.3,1.62,2.24,1.6,2.5,1.64,0.25,1.8,2.05,1.82,2.11,1.83,2.05,1.79,1.9,1.87,2.09,3.2,3.0,2.4,3.1,3.1,2.4,3.35,3.1,2.33,3.13,3.1,2.4,3.1,3.0,2.45,3.2,3.0,2.45,3.1,3.0,2.45,3.53,3.12,2.36,3.35,3.1,2.46,3.2,3.05,2.39,3.55,3.05,2.52,2.2,1.67,2.29,1.68,2.33,1.67,2.22,1.62,2.36,1.71,0.25,1.83,2.03,1.92,2.0,1.84,2.06,1.8,1.9,1.89,2.11,Serie A,2025/26
I1,2025-08-31,19:45:00,Inter,Udinese,1,2,A,1,2,A,,16,10,4,5,17,5,13,2,1,3,0,0,1.3,5.25,9.5,1.3,5.5,10.0,1.32,5.3,9.0,1.29,5.25,9.5,1.32,5.5,9.25,1.33,5.5,9.0,1.3,5.25,9.0,1.32,5.63,9.47,1.33,5.5,10.0,1.31,5.31,9.22,1.33,5.8,11.0,1.62,2.3,1.65,2.34,1.63,2.3,1.61,2.24,1.68,2.38,-1.5,1.93,1.93,1.95,1.95,1.94,1.93,1.9,1.86,1.96,1.95,1.24,6.0,10.0,1.25,6.0,12.0,1.28,5.75,10.5,1.25,5.75,11.5,1.28,5.75,10.0,1.28,5.75,10.0,1.28,5.5,10.0,1.28,5.85,11.34,1.3,6.0,12.0,1.27,5.73,10.31,1.31,6.2,13.0,1.53,2.5,1.56,2.49,1.6,2.5,1.56,2.36,1.63,2.56,-1.5,1.78,2.03,1.81,2.08,1.83,2.03,1.77,1.99,1.85,2.13,Serie A,2025/26
I1,2025-08-31,19:45:00,Lazio,Verona,4,0,H,3,0,H,,22,12,6,4,8,19,8,1,0,0,0,0,1.48,4.33,7.0,1.44,4.2,7.5,1.44,4.75,6.75,1.44,4.2,7.0,1.46,4.4,7.0,1.48,4.4,7.0,1.44,4.4,7.0,1.48,4.47,7.12,1.48,4.75,7.5,1.45,4.41,6.9,1.5,4.6,8.0,1.93,1.93,1.94,1.94,1.93,1.97,1.84,1.91,1.94,2.0,-1.25,2.05,1.75,2.12,1.78,2.05,1.79,1.97,1.76,2.1,1.83,1.52,3.9,6.5,1.57,3.75,6.5,1.55,4.0,6.25,1.53,3.9,6.5,1.57,3.9,6.25,1.57,3.9,6.0,1.57,3.8,6.0,1.6,3.84,6.84,1.6,4.0,6.5,1.55,3.88,6.31,1.62,4.0,7.0,2.1,1.73,2.18,1.74,2.2,1.75,2.1,1.7,2.2,1.79,-1.0,2.03,1.83,2.07,1.86,2.03,1.86,1.96,1.81,2.09,1.9,Serie A,2025/26
SP1,2025-08-15,18:00:00,Girona,Vallecano,1,3,A,0,3,A,,7,16,2,5,8,17,2,4,0,1,1,0,2.25,3.25,3.3,2.3,3.2,3.25,2.17,3.25,3.25,2.25,3.3,3.25,2.25,3.25,3.25,2.25,3.3,3.25,2.25,3.25,3.2,2.3,3.3,3.45,2.3,3.33,3.35,2.24,3.26,3.26,2.34,3.4,3.5,2.2,1.67,2.24,1.71,2.2,1.73,2.14,1.68,2.26,1.78,-0.25,1.98,1.88,1.97,1.95,1.98,1.91,1.84,1.85,1.99,1.98,2.45,3.2,3.1,2.4,3.2,3.1,2.33,3.0,3.1,2.4,3.25,3.0,2.35,3.2,3.1,2.37,3.2,3.1,2.37,3.2,3.1,2.29,3.32,3.45,2.45,3.25,3.15,2.39,3.15,3.09,2.5,3.25,3.35,2.2,1.67,2.24,1.72,2.22,1.68,2.17,1.66,2.36,1.72,-0.25,2.1,1.78,1.97,1.95,2.1,1.8,1.95,1.75,2.11,1.89,La Liga,2025/26
SP1,2025-08-15,20:30:00,Villarreal,Oviedo,2,0,H,2,0,H,,25,5,10,4,10,8,10,1,1,2,0,1,1.4,4.75,8.0,1.4,4.5,8.5,1.34,5.0,7.5,1.36,4.75,8.5,1.4,4.6,8.0,1.4,4.6,8.0,1.4,4.6,8.0,1.41,4.76,8.8,1.4,5.1,8.5,1.38,4.74,8.11,1.41,5.1,9.6,1.85,2.0,1.89,2.02,1.91,2.0,1.84,1.92,1.95,2.02,-1.25,1.88,1.98,1.96,1.96,1.9,1.98,1.81,1.88,1.96,2.0,1.4,4.75,8.0,1.36,4.6,9.0,1.37,4.8,7.5,1.36,4.75,9.0,1.41,4.6,7.75,1.4,4.6,8.0,1.4,4.5,7.5,1.4,4.87,8.96,1.42,4.9,9.0,1.39,4.7,8.02,1.41,5.2,9.6,1.83,2.03,1.85,2.06,1.89,2.03,1.82,1.94,1.9,2.06,-1.25,1.9,1.95,1.93,2.0,1.94,1.96,1.82,1.87,1.96,2.02,La Liga,2025/26
SP1,2025-08-16,18:30:00,Mallorca,Barcelona,0,3,A,0,2,A,,4,24,1,8,8,17,3,6,4,1,2,0,7.0,5.0,1.4,7.0,4.6,1.44,7.0,4.9,1.38,7.0,4.6,1.44,6.5,4.75,1.46,6.5,4.6,1.44,6.5,4.6,1.44,6.68,5.03,1.45,7.0,5.0,1.48,6.75,4.74,1.43,7.8,5.2,1.47,1.62,2.3,1.64,2.35,1.62,2.35,1.6,2.25,1.66,2.46,1.25,1.88,1.98,1.9,2.01,1.88,1.98,1.83,1.85,1.95,1.99,9.5,5.5,1.3,9.5,6.0,1.29,8.5,5.5,1.29,9.0,6.0,1.29,8.75,5.75,1.31,8.5,5.75,1.3,8.5,5.5,1.3,8.06,5.31,1.39,9.5,7.8,5.4,8.7,5.79,1.56,10.0,5.8,1.37,1.44,2.75,1.5,2.71,1.47,2.9,1.43,2.72,1.49,2.98,1.5,2.0,1.85,1.88,2.05,2.0,1.93,1.9,1.86,2.04,1.94,La Liga,2025/26
SP1,2025-08-16,20:30:00,Alaves,Levante,2,1,H,1,0,H,,15,7,4,3,15,13,10,1,0,1,0,0,2.15,3.0,3.8,2.2,3.0,3.75,2.16,3.05,3.55,2.15,3.1,3.7,2.25,3.0,3.5,2.25,3.0,3.5,2.25,3.0,3.5,2.18,3.18,3.84,2.25,3.1,3.8,2.19,3.04,3.64,2.28,3.2,3.95,2.63,1.5,2.77,1.48,2.7,1.5,2.58,1.47,2.78,1.52,-0.25,1.83,2.03,1.85,2.06,1.86,2.03,1.78,1.91,1.92,2.07,2.1,3.1,3.9,2.1,3.1,4.0,2.08,2.95,3.85,2.05,3.13,4.0,2.05,3.1,3.9,2.1,3.1,3.8,2.05,3.1,3.9,2.19,3.14,3.93,2.12,3.15,4.0,2.08,3.08,3.92,2.14,3.25,4.3,2.63,1.5,2.54,1.57,2.63,1.54,2.51,1.5,2.66,1.59,-0.25,1.8,2.05,1.86,2.07,1.8,2.07,1.7,2.0,1.81,2.2,La Liga,2025/26
SP1,2025-08-16,20:30:00,Valencia,Sociedad,1,1,D,0,0,D,,18,13,2,3,5,11,8,7,1,2,0,0,2.6,2.9,3.1,2.5,2.88,3.2,2.5,2.85,3.0,2.55,2.9,3.1,2.55,2.95,3.0,2.6,3.0,3.0,2.5,2.9,3.0,2.65,2.89,3.23,2.6,3.0,3.2,2.55,2.89,3.07,2.74,2.98,3.3,2.75,1.44,2.85,1.44,3.05,1.45,2.76,1.41,2.94,1.48,0.0,1.75,2.13,1.78,2.17,1.8,2.13,1.74,2.01,1.82,2.19,2.45,3.0,3.2,2.4,3.0,3.2,2.38,2.95,3.15,2.45,3.1,3.1,2.45,2.95,3.2,2.45,3.0,3.2,2.45,2.9,3.1,2.53,3.04,3.3,2.49,3.1,3.25,2.43,3.0,3.18,2.58,3.1,3.35,2.63,1.5,2.55,1.56,2.63,1.55,2.49,1.51,2.68,1.57,-0.25,2.1,1.78,2.13,1.81,2.1,1.78,1.96,1.74,2.18,1.84,La Liga,2025/26
SP1,2025-08-17,16:00:00,Celta,Getafe,0,2,A,0,0,D,,11,10,3,3,15,17,9,3,3,2,0,0,1.73,3.5,5.25,1.73,3.4,5.5,1.65,3.6,5.2,1.7,3.3,5.0,1.72,3.5,5.25,1.73,3.5,5.25,1.7,3.5,5.25,1.76,3.43,5.71,1.75,3.65,5.66,1.71,3.48,5.25,1.77,3.65,5.8,2.38,1.57,2.5,1.57,2.4,1.58,2.36,1.54,2.52,1.62,-0.75,1.98,1.88,2.01,1.9,1.98,1.9,1.89,1.8,2.01,1.93,1.67,3.5,5.75,1.67,3.4,6.0,1.63,3.5,5.6,1.67,3.5,6.0,1.7,3.4,5.75,1.7,3.4,5.75,1.7,3.4,5.75,1.61,3.73,7.04,1.7,3.55,6.0,1.67,3.48,5.81,1.75,3.6,6.4,2.63,1.5,2.49,1.58,2.63,1.55,2.49,1.51,2.68,1.57,-0.75,1.93,1.93,1.81,2.15,1.93,1.95,1.85,1.84,2.0,1.99,La Liga,2025/26
SP1,2025-08-17,18:30:00,Ath Bilbao,Sevilla,3,2,H,2,0,H,,14,12,3,6,8,12,10,1,0,2,0,0,1.57,3.9,6.0,1.57,3.75,6.5,1.47,4.1,6.75,1.53,3.7,5.75,1.6,3.8,6.0,1.6,3.8,6.0,1.6,3.8,5.75,1.6,4.05,6.12,1.6,4.2,6.75,1.55,3.91,6.17,1.61,4.0,6.8,2.1,1.73,2.11,1.78,2.1,1.74,2.07,1.71,2.18,1.81,-1.0,2.05,1.8,2.08,1.84,2.05,1.85,1.91,1.8,2.07,1.86,1.53,3.8,6.5,1.57,3.75,6.5,1.53,3.8,6.25,1.55,3.9,6.5,1.58,3.7,6.5,1.57,3.75,6.5,1.57,3.7,6.5,1.67,3.69,6.24,1.59,3.9,6.6,1.56,3.8,6.43,1.62,4.0,7.2,2.2,1.67,2.31,1.67,2.25,1.67,2.2,1.64,2.28,1.75,-1.0,2.0,1.85,2.25,1.72,2.04,1.85,1.96,1.76,2.11,1.88,La Liga,2025/26
SP1,2025-08-17,20:30:00,Espanol,Ath Madrid,2,1,H,0,1,A,,10,15,5,4,14,11,1,3,3,3,0,0,6.0,3.9,1.57,6.5,3.75,1.57,6.1,4.0,1.52,6.0,3.6,1.53,6.5,4.0,1.53,6.5,4.0,1.53,6.5,4.0,1.53,6.57,3.86,1.6,6.66,4.0,1.6,6.25,3.86,1.55,7.2,4.0,1.62,2.2,1.67,2.28,1.68,2.2,1.72,2.14,1.66,2.32,1.72,1.0,1.8,2.05,1.83,2.1,1.8,2.05,1.77,1.94,1.86,2.09,5.5,3.9,1.62,6.0,3.75,1.6,5.6,3.9,1.56,5.75,3.9,1.6,5.75,3.8,1.62,5.75,3.8,1.61,5.5,3.8,1.61,5.8,3.89,1.66,6.2,4.0,1.65,5.7,3.86,1.6,6.2,4.1,1.66,2.0,1.85,1.97,1.93,2.0,1.89,1.94,1.82,2.02,1.96,1.0,1.73,2.08,1.76,2.17,1.83,2.09,1.73,2.0,1.81,2.18,La Liga,2025/26
SP1,2025-08-18,20:00:00,Elche,Betis,1,1,D,0,1,A,,6,12,2,4,14,13,1,3,0,1,0,0,3.4,3.3,2.2,3.4,3.25,2.2,3.2,3.3,2.17,3.25,3.2,2.1,3.4,3.25,2.2,3.4,3.25,2.2,3.4,3.25,2.15,3.45,3.43,2.21,3.4,3.4,2.2,3.33,3.27,2.17,3.55,3.4,2.28,2.2,1.67,2.21,1.72,2.2,1.76,2.08,1.7,2.24,1.77,0.25,1.98,1.88,2.0,1.91,1.98,1.88,1.88,1.76,2.0,1.94,3.2,3.25,2.3,3.2,3.2,2.3,3.2,3.15,2.25,3.2,3.25,2.3,3.2,3.2,2.35,3.2,3.2,2.3,3.2,3.1,2.3,3.34,3.22,2.4,3.25,3.25,2.36,3.2,3.19,2.3,3.45,3.3,2.4,2.2,1.67,2.3,1.68,2.25,1.73,2.16,1.66,2.32,1.73,0.25,1.88,1.98,1.88,2.04,1.88,2.0,1.81,1.84,1.94,2.04,La Liga,2025/26
SP1,2025-08-19,20:00:00,Real Madrid,Osasuna,1,0,H,0,0,D,,18,2,5,0,10,12,7,0,1,0,0,1,1.22,6.25,13.0,1.2,6.5,15.0,1.17,7.0,13.0,1.2,6.5,13.0,1.22,6.5,13.0,1.22,6.5,13.0,1.22,6.5,13.0,1.23,6.99,12.34,1.23,7.0,15.0,1.2,6.66,13.16,1.23,7.8,16.5,1.5,2.63,1.52,2.6,1.52,2.63,1.49,2.56,1.56,2.72,-2.0,2.03,1.78,2.14,1.76,2.05,1.81,1.97,1.75,2.15,1.83,1.22,7.0,11.0,1.22,6.5,13.0,1.18,6.5,13.0,1.2,7.0,13.0,1.22,6.75,12.0,1.22,7.0,11.0,1.22,6.5,12.0,1.22,7.32,12.82,1.24,7.0,13.0,1.21,6.67,12.34,1.24,7.4,15.0,1.44,2.75,1.47,2.73,1.46,2.8,1.44,2.68,1.48,3.05,-2.0,2.03,1.78,2.07,1.85,2.07,1.83,1.97,1.75,2.14,1.86,La Liga,2025/26
SP1,2025-08-22,20:30:00,Betis,Alaves,1,0,H,1,0,H,,16,11,5,5,10,17,5,2,2,3,0,0,1.91,3.4,4.2,1.9,3.3,4.5,1.82,3.35,4.4,1.9,3.4,4.33,1.87,3.4,4.33,1.85,3.4,4.33,1.85,3.4,4.33,1.92,3.45,4.6,1.91,3.5,4.5,1.88,3.38,4.37,1.95,3.5,4.8,2.2,1.67,2.33,1.67,2.3,1.67,2.23,1.62,2.36,1.71,-0.5,1.9,1.95,1.93,2.0,1.9,1.96,1.84,1.91,1.96,2.02,1.83,3.4,4.5,1.83,3.4,4.6,1.84,3.35,4.3,1.83,3.4,4.6,1.85,3.4,4.5,1.85,3.4,4.5,1.85,3.4,4.4,1.97,3.38,4.43,1.86,3.5,4.6,1.84,3.4,4.47,1.91,3.6,5.0,2.2,1.67,2.36,1.65,2.25,1.67,2.21,1.63,2.36,1.72,-0.5,1.83,2.03,1.98,1.94,1.87,2.03,1.82,1.93,1.91,2.09,La Liga,2025/26
SP1,2025-08-23,16:00:00,Mallorca,Celta,1,1,D,0,1,A,,12,8,4,2,12,12,3,4,3,3,0,0,3.0,3.1,2.55,3.0,3.1,2.5,2.9,3.1,2.45,2.9,3.13,2.55,2.95,3.1,2.5,2.9,3.1,2.5,2.9,3.1,2.5,3.06,3.1,2.6,3.0,3.15,2.6,2.94,3.09,2.52,3.1,3.2,2.7,2.38,1.57,2.49,1.58,2.43,1.6,2.34,1.55,2.48,1.63,0.0,2.1,1.78,2.13,1.8,2.1,1.78,2.02,1.73,2.13,1.85,3.3,3.2,2.3,3.25,3.2,2.3,3.0,3.2,2.33,3.13,3.25,2.38,3.1,3.2,2.4,3.1,3.2,2.4,3.0,3.2,2.37,3.26,3.16,2.48,3.3,3.3,2.5,3.13,3.21,2.35,3.3,3.4,2.44,2.1,1.73,2.41,1.63,2.28,1.73,2.15,1.67,2.28,1.77,0.25,1.88,1.98,1.83,2.11,1.88,2.05,1.82,1.88,1.9,2.09,La Liga,2025/26
SP1,2025-08-23,18:30:00,Ath Madrid,Elche,1,1,D,1,1,D,,13,6,6,2,14,7,10,2,0,3,0,0,1.25,5.25,15.0,1.25,5.5,13.0,1.22,5.75,12.5,1.22,6.0,15.0,1.25,5.75,12.5,1.25,5.75,12.0,1.25,5.75,12.0,1.24,6.28,12.89,1.25,6.0,15.0,1.24,5.74,12.91,1.26,6.6,16.0,1.8,2.0,1.76,2.12,1.8,2.05,1.76,2.0,1.82,2.14,-1.75,2.0,1.85,2.01,1.88,2.0,1.85,1.96,1.74,2.06,1.91,1.29,5.75,10.0,1.25,5.5,12.0,1.21,5.8,12.5,1.25,5.75,12.0,1.27,5.75,11.5,1.28,5.5,11.0,1.28,5.5,11.0,1.27,5.97,13.1,1.29,6.0,13.0,1.26,5.67,11.58,1.27,6.6,14.5,1.67,2.2,1.81,2.08,1.8,2.25,1.71,2.09,1.79,2.24,-1.5,1.83,2.03,1.85,2.08,1.85,2.03,1.79,1.97,1.89,2.08,La Liga,2025/26
SP1,2025-08-23,20:30:00,Levante,Barcelona,2,3,A,2,0,H,,8,26,5,10,10,8,0,11,3,1,0,0,11.0,6.0,1.25,11.0,6.0,1.25,11.0,6.75,1.19,10.5,6.5,1.25,10.5,6.5,1.25,10.0,6.5,1.25,10.0,6.5,1.25,9.49,6.51,1.27,11.5,7.0,1.26,10.44,6.51,1.24,12.0,7.2,1.27,1.36,3.2,1.37,3.08,1.38,3.2,1.35,3.02,1.39,3.35,1.75,1.98,1.88,1.97,1.92,1.98,1.88,1.9,1.79,2.03,1.9,12.0,6.5,1.22,12.0,7.0,1.2,11.0,7.0,1.19,12.0,7.0,1.2,12.5,7.0,1.22,12.0,7.0,1.22,12.0,7.0,1.22,11.01,7.39,1.23,13.0,7.5,1.24,11.5,6.95,1.21,14.5,7.6,1.24,1.33,3.4,1.33,3.37,1.36,3.51,1.31,3.33,1.35,3.7,2.0,1.93,1.93,1.89,2.02,1.93,1.96,1.86,1.9,1.94,2.04,La Liga,2025/26
SP1,2025-08-24,16:00:00,Osasuna,Valencia,1,0,H,1,0,H,,16,4,4,1,14,13,3,4,2,1,0,1,2.4,3.2,3.1,2.4,3.1,3.1,2.33,3.1,3.1,2.3,3.1,3.0,2.35,3.1,3.2,2.37,3.1,3.2,2.3,3.1,3.2,2.43,3.16,3.27,2.41,3.2,3.25,2.36,3.11,3.13,2.5,3.2,3.3,2.38,1.57,2.47,1.58,2.48,1.6,2.34,1.55,2.5,1.64,-0.25,2.05,1.8,2.07,1.85,2.05,1.8,1.93,1.76,2.12,1.84,2.2,3.3,3.4,2.25,3.2,3.4,2.2,3.1,3.35,2.25,3.25,3.3,2.25,3.2,3.4,2.25,3.2,3.4,2.2,3.1,3.4,2.48,3.18,3.22,2.26,3.3,3.5,2.23,3.16,3.38,2.32,3.3,3.7,2.3,1.62,2.38,1.64,2.4,1.65,2.28,1.59,2.4,1.69,-0.25,1.88,1.98,2.12,1.83,1.91,1.98,1.84,1.89,1.97,2.01,La Liga,2025/26
SP1,2025-08-24,18:30:00,Sociedad,Espanol,2,2,D,0,2,A,,15,14,7,3,16,18,5,2,2,2,0,0,1.8,3.4,5.0,1.83,3.4,4.6,1.8,3.4,4.4,1.75,3.3,4.5,1.83,3.4,4.6,1.83,3.4,4.6,1.83,3.4,4.6,1.83,3.49,4.91,1.83,3.45,5.0,1.81,3.39,4.6,1.91,3.45,5.2,2.2,1.67,2.33,1.65,2.43,1.67,2.26,1.59,2.42,1.69,-0.5,1.74,1.99,1.84,2.08,1.84,2.0,1.78,1.96,1.91,2.07,1.82,3.5,4.33,1.9,3.4,4.2,1.82,3.35,4.5,1.85,3.5,4.33,1.87,3.5,4.2,1.85,3.5,4.2,1.85,3.5,4.2,1.78,3.59,5.24,1.9,3.55,4.5,1.85,3.45,4.32,1.9,3.65,4.9,1.98,1.88,2.19,1.75,2.05,1.88,1.98,1.79,2.06,1.93,-0.5,1.85,2.0,1.78,2.16,1.88,2.0,1.83,1.92,1.9,2.09,La Liga,2025/26
SP1,2025-08-24,18:30:00,Villarreal,Girona,5,0,H,4,0,H,,19,5,7,2,8,9,8,1,1,2,0,0,1.53,4.33,6.0,1.53,4.2,6.0,1.49,4.3,5.8,1.5,4.1,5.5,1.55,4.2,5.75,1.55,4.2,5.75,1.55,4.2,5.5,1.53,4.69,5.77,1.55,4.5,6.0,1.52,4.28,5.69,1.59,4.6,6.2,1.67,2.2,1.68,2.26,1.68,2.25,1.64,2.17,1.73,2.3,-1.0,1.82,1.92,1.93,1.98,1.9,1.95,1.81,1.89,1.94,2.0,1.47,4.2,6.5,1.5,4.5,6.5,1.4,4.6,7.0,1.45,4.5,6.5,1.5,4.5,6.0,1.48,4.5,6.5,1.48,4.4,6.5,1.54,4.55,6.17,1.5,4.8,7.0,1.46,4.51,6.61,1.51,5.0,7.0,1.67,2.2,1.73,2.2,1.68,2.27,1.65,2.17,1.73,2.34,-1.25,2.05,1.75,2.18,1.76,2.05,1.87,1.94,1.79,2.15,1.85,La Liga,2025/26
SP1,2025-08-24,20:30:00,Oviedo,Real Madrid,0,3,A,0,1,A,,6,26,3,10,8,7,1,9,2,1,0,0,9.5,5.5,1.3,11.0,5.0,1.3,10.0,5.5,1.26,9.0,4.8,1.29,9.75,5.25,1.31,9.5,5.25,1.3,9.5,5.25,1.3,10.02,5.5,1.32,11.0,5.6,1.33,9.67,5.24,1.3,11.0,5.7,1.34,1.73,2.1,1.75,2.15,1.73,2.14,1.7,2.09,1.75,2.26,1.5,1.9,1.95,1.93,1.98,1.93,1.95,1.87,1.88,1.97,1.94,8.5,5.0,1.33,11.0,5.0,1.3,9.5,5.6,1.26,10.5,5.25,1.3,10.0,5.25,1.32,10.0,5.25,1.33,9.5,5.0,1.33,9.98,5.53,1.33,11.0,5.6,1.33,9.91,5.27,1.3,12.0,5.6,1.34,1.85,2.0,1.75,2.18,1.85,2.12,1.76,2.03,1.9,2.1,1.5,1.8,2.05,1.91,2.02,1.92,2.05,1.84,1.92,1.91,2.06,La Liga,2025/26
SP1,2025-08-25,18:30:00,Ath Bilbao,Vallecano,1,0,H,0,0,D,,11,6,4,1,13,13,3,6,0,4,0,0,1.7,3.5,5.5,1.73,3.5,5.5,1.62,3.65,5.4,1.67,3.4,5.0,1.75,3.6,5.0,1.75,3.6,5.0,1.73,3.5,4.8,1.71,3.68,5.56,1.75,3.7,5.5,1.69,3.55,5.18,1.76,3.65,5.8,2.2,1.67,2.19,1.72,2.25,1.67,2.18,1.64,2.26,1.75,-0.75,1.95,1.9,1.95,1.95,1.95,1.95,1.84,1.83,1.99,1.96,1.7,3.5,5.5,1.73,3.6,5.0,1.7,3.5,5.0,1.73,3.6,5.0,1.73,3.5,5.0,1.75,3.5,5.0,1.73,3.5,5.0,1.71,3.71,5.7,1.75,3.65,5.5,1.73,3.55,5.06,1.79,3.7,5.8,2.1,1.73,2.19,1.74,2.28,1.73,2.14,1.67,2.24,1.77,-0.75,1.95,1.9,1.93,2.0,1.97,1.9,1.93,1.81,2.02,1.95,La Liga,2025/26
SP1,2025-08-25,20:30:00,Sevilla,Getafe,1,2,A,1,1,D,,12,9,3,6,10,24,5,3,2,2,0,0,2.25,3.0,3.6,2.25,3.0,3.6,2.25,3.0,3.35,2.15,2.9,3.4,2.3,3.0,3.4,2.3,3.0,3.4,2.3,3.0,3.4,2.24,3.12,3.75,2.3,3.1,3.6,2.25,2.99,3.46,2.32,3.1,3.8,2.63,1.5,2.78,1.48,2.63,1.5,2.55,1.48,2.84,1.53,-0.25,1.9,1.95,1.9,2.0,1.9,1.95,1.82,1.84,1.95,2.01,2.0,3.1,4.33,2.1,3.0,4.0,2.02,3.0,4.0,2.05,2.9,4.4,2.05,3.0,4.1,2.05,3.0,4.2,2.05,3.0,4.0,2.12,3.14,4.2,2.1,3.1,4.4,2.05,3.02,4.13,2.14,3.2,4.4,3.0,1.4,2.89,1.43,3.0,1.45,2.75,1.42,3.0,1.48,-0.5,2.05,1.8,2.13,1.82,2.07,1.8,2.02,1.75,2.15,1.86,La Liga,2025/26
SP1,2025-08-27,20:00:00,Celta,Betis,1,1,D,0,1,A,,14,7,5,2,13,11,10,4,1,2,0,0,2.2,3.4,3.25,2.25,3.4,3.2,2.12,3.55,3.1,2.2,3.5,3.2,2.2,3.5,3.2,2.2,3.5,3.2,2.2,3.4,3.2,2.21,3.6,3.3,2.25,3.6,3.25,2.19,3.48,3.17,2.32,3.6,3.3,1.9,1.95,1.93,1.95,1.91,1.96,1.85,1.9,1.96,2.02,-0.25,1.93,1.93,1.93,1.98,1.93,1.94,1.84,1.9,2.0,1.96,2.35,3.4,3.0,2.38,3.5,2.88,2.35,3.55,2.9,2.3,3.6,2.9,2.3,3.4,3.0,2.3,3.5,3.0,2.25,3.4,3.0,2.4,3.4,3.15,2.38,3.6,3.1,2.32,3.47,2.94,2.4,3.55,3.25,1.73,2.1,1.78,2.12,1.79,2.11,1.74,2.04,1.81,2.2,-0.25,2.03,1.83,2.07,1.86,2.03,1.85,1.95,1.79,2.07,1.92,La Liga,2025/26
SP1,2025-08-29,18:30:00,Elche,Levante,2,0,H,0,0,D,,16,11,5,1,14,17,4,2,1,2,0,0,2.15,3.25,3.5,2.2,3.2,3.5,2.14,3.2,3.6,2.2,3.1,3.6,2.2,3.2,3.5,2.2,3.2,3.5,2.15,3.2,3.5,2.23,3.26,3.66,2.2,3.25,3.6,2.17,3.19,3.52,2.28,3.3,3.75,2.3,1.62,2.37,1.65,2.3,1.64,2.24,1.61,2.4,1.69,-0.25,1.88,1.98,1.91,2.02,1.88,1.98,1.79,1.95,1.93,2.04,2.15,3.25,3.6,2.15,3.2,3.6,2.15,3.2,3.6,2.15,3.13,3.7,2.15,3.25,3.5,2.15,3.25,3.5,2.15,3.25,3.5,2.24,3.24,3.66,2.19,3.3,3.75,2.15,3.2,3.57,2.26,3.4,3.75,2.3,1.62,2.42,1.63,2.3,1.67,2.21,1.63,2.42,1.69,-0.25,1.83,2.03,1.92,2.01,1.86,2.03,1.78,1.96,1.92,2.07,La Liga,2025/26
SP1,2025-08-29,20:30:00,Valencia,Getafe,3,0,H,1,0,H,,7,11,4,1,18,7,8,6,2,0,0,0,2.3,2.9,3.6,2.25,2.88,3.75,2.25,2.95,3.7,2.25,3.0,3.6,2.25,2.95,3.6,2.25,3.0,3.6,2.25,2.9,3.6,2.29,3.06,3.78,2.33,3.0,3.75,2.25,2.94,3.63,2.34,3.05,3.95,3.0,1.4,2.89,1.43,3.0,1.44,2.83,1.4,3.0,1.49,-0.25,1.93,1.93,1.93,1.99,1.93,1.93,1.85,1.89,1.95,2.02,2.35,2.88,3.6,2.3,2.88,3.6,2.33,3.0,3.45,2.3,2.9,3.6,2.3,2.95,3.5,2.3,2.9,3.5,2.3,2.9,3.5,2.38,3.01,3.64,2.42,3.0,3.75,2.31,2.92,3.53,2.42,2.98,3.9,3.0,1.4,2.95,1.42,3.0,1.4,2.93,1.38,3.1,1.46,-0.25,1.98,1.88,2.0,1.92,2.0,1.89,1.9,1.85,2.02,1.96,La Liga,2025/26
SP1,2025-08-30,16:00:00,Alaves,Ath Madrid,1,1,D,1,1,D,,5,15,2,6,10,17,1,6,2,3,0,0,4.75,3.5,1.8,4.6,3.5,1.8,4.7,3.7,1.75,4.75,3.5,1.8,4.6,3.6,1.78,4.6,3.6,1.8,4.5,3.5,1.8,4.77,3.61,1.82,4.75,3.7,1.83,4.64,3.55,1.78,4.9,3.7,1.87,2.2,1.67,2.22,1.71,2.2,1.73,2.12,1.67,2.24,1.74,0.75,1.78,2.03,1.81,2.1,1.83,2.03,1.75,1.99,1.84,2.14,5.5,3.5,1.7,5.5,3.5,1.7,5.4,3.5,1.72,5.5,3.5,1.7,5.25,3.5,1.72,5.25,3.5,1.73,5.25,3.5,1.7,5.72,3.6,1.73,5.5,3.6,1.73,5.39,3.51,1.7,5.8,3.65,1.78,2.38,1.57,2.44,1.61,2.4,1.63,2.28,1.59,2.46,1.65,0.75,1.87,1.87,1.94,1.98,1.92,1.95,1.84,1.91,1.93,2.04,La Liga,2025/26
SP1,2025-08-30,18:00:00,Oviedo,Sociedad,1,0,H,1,0,H,,8,18,1,6,7,18,1,10,2,1,0,0,3.5,3.1,2.25,3.5,3.1,2.25,3.6,3.1,2.23,3.4,3.13,2.25,3.5,3.2,2.2,3.5,3.2,2.2,3.4,3.1,2.2,3.56,3.12,2.32,3.6,3.2,2.28,3.47,3.1,2.23,3.7,3.2,2.34,2.5,1.53,2.52,1.56,2.6,1.55,2.44,1.52,2.6,1.59,0.25,1.93,1.93,1.93,1.97,1.93,1.93,1.9,1.8,1.98,1.97,3.3,3.1,2.3,3.4,3.2,2.25,3.45,3.15,2.25,3.25,3.2,2.3,3.4,3.1,2.25,3.4,3.1,2.25,3.3,3.1,2.25,3.46,3.12,2.39,3.55,3.2,2.3,3.38,3.12,2.26,3.65,3.1,2.44,2.3,1.62,2.46,1.6,2.45,1.62,2.33,1.57,2.48,1.65,0.25,1.88,1.98,1.9,2.03,1.93,1.98,1.88,1.82,1.94,2.05,La Liga,2025/26
SP1,2025-08-30,18:30:00,Girona,Sevilla,0,2,A,0,1,A,,20,13,5,4,5,14,11,3,0,2,0,0,2.4,3.3,3.0,2.4,3.25,3.0,2.43,3.35,2.95,2.4,3.4,2.9,2.45,3.3,2.87,2.45,3.3,2.87,2.45,3.25,2.87,2.49,3.27,3.07,2.45,3.4,3.0,2.42,3.29,2.94,2.56,3.35,3.1,2.05,1.8,2.08,1.83,2.1,1.8,2.02,1.74,2.1,1.87,0.0,1.73,2.08,1.76,2.18,1.73,2.12,1.68,2.08,1.81,2.21,2.45,3.1,3.1,2.4,3.2,3.1,2.43,3.15,3.1,2.4,3.25,3.0,2.4,3.2,3.0,2.4,3.2,3.0,2.4,3.2,3.0,2.54,3.19,3.13,2.5,3.3,3.1,2.42,3.16,3.04,2.54,3.25,3.25,2.2,1.67,2.33,1.65,2.23,1.7,2.16,1.66,2.34,1.73,-0.25,2.1,1.78,2.16,1.79,2.1,1.78,2.0,1.75,2.16,1.85,La Liga,2025/26
SP1,2025-08-30,20:30:00,Real Madrid,Mallorca,2,1,H,2,1,H,,17,9,7,5,12,7,4,5,2,0,0,0,1.18,7.0,15.0,1.17,7.0,17.0,1.19,7.0,14.0,1.17,7.0,17.0,1.19,7.0,15.5,1.2,7.0,15.0,1.18,7.0,15.0,1.21,7.16,12.71,1.2,7.0,17.0,1.18,6.96,14.97,1.22,8.0,18.0,1.57,2.38,1.56,2.5,1.57,2.55,1.53,2.39,1.6,2.56,-2.0,1.98,1.88,2.0,1.89,1.98,1.9,1.94,1.82,2.03,1.89,1.17,7.5,13.0,1.17,7.5,17.0,1.16,8.0,16.0,1.15,7.5,17.0,1.18,7.5,16.5,1.18,7.5,15.0,1.17,7.5,15.0,1.19,7.51,15.22,1.18,8.0,17.0,1.16,7.43,15.63,1.19,8.6,22.0,1.44,2.75,1.48,2.71,1.5,2.8,1.46,2.64,1.52,2.88,-2.0,1.85,2.0,1.96,1.94,1.86,2.0,1.82,1.93,1.88,2.08,La Liga,2025/26
SP1,2025-08-31,16:00:00,Celta,Villarreal,1,1,D,0,0,D,,10,8,2,3,11,8,1,5,1,1,0,0,2.75,3.5,2.5,2.75,3.5,2.5,2.75,3.55,2.43,2.63,3.4,2.38,2.75,3.6,2.37,2.75,3.6,2.4,2.75,3.6,2.37,2.76,3.64,2.52,2.75,3.6,2.5,2.71,3.53,2.43,2.84,3.65,2.6,1.73,2.1,1.74,2.18,1.73,2.2,1.67,2.12,1.78,2.22,0.0,2.03,1.83,2.05,1.87,2.03,1.83,1.94,1.8,2.07,1.89,3.2,3.5,2.2,3.2,3.4,2.25,3.05,3.5,2.28,3.2,3.5,2.2,3.1,3.5,2.25,3.1,3.5,2.25,3.0,3.5,2.25,2.95,3.4,2.53,3.25,3.55,2.28,3.14,3.46,2.22,3.35,3.6,2.34,1.82,1.92,1.97,1.93,1.91,1.98,1.83,1.92,2.02,1.96,0.25,1.9,1.95,1.77,2.17,1.93,1.96,1.87,1.83,1.97,2.02,La Liga,2025/26
SP1,2025-08-31,18:00:00,Betis,Ath Bilbao,1,2,A,0,0,D,,9,15,2,6,9,16,4,10,1,4,0,1,3.0,3.1,2.55,3.0,3.1,2.5,3.05,3.25,2.4,2.8,3.13,2.4,2.85,3.2,2.55,2.87,3.2,2.5,2.87,3.2,2.5,3.07,3.15,2.56,3.1,3.25,2.55,2.95,3.15,2.46,3.2,3.15,2.6,2.2,1.67,2.21,1.72,2.23,1.67,2.17,1.64,2.32,1.72,0.25,1.7,2.1,1.76,2.17,1.78,2.1,1.73,1.96,1.81,2.19,3.25,3.2,2.3,3.1,3.2,2.38,3.1,3.1,2.43,3.2,3.13,2.38,3.2,3.1,2.35,3.1,3.1,2.4,3.1,3.1,2.4,3.16,3.28,2.46,3.25,3.2,2.43,3.15,3.14,2.37,3.25,3.3,2.52,2.1,1.73,2.13,1.79,2.17,1.73,2.11,1.69,2.2,1.79,0.25,1.88,1.98,1.83,2.11,1.88,2.05,1.79,1.91,1.86,2.13,La Liga,2025/26
SP1,2025-08-31,18:30:00,Espanol,Osasuna,1,0,H,0,0,D,,10,10,4,3,13,14,2,3,2,3,0,0,2.38,3.2,3.1,2.4,3.2,3.1,2.32,3.2,3.25,2.3,3.1,3.0,2.4,3.2,3.0,2.3,3.0,2.87,2.3,3.0,2.87,2.43,3.21,3.23,2.4,3.2,3.25,2.34,3.15,3.09,2.44,3.25,3.4,2.2,1.67,2.3,1.67,2.33,1.67,2.22,1.61,2.36,1.7,-0.25,2.03,1.83,2.07,1.85,2.03,1.84,1.93,1.8,2.07,1.89,2.55,3.0,3.0,2.5,3.0,3.1,2.43,3.15,3.1,2.45,3.1,3.1,2.45,3.1,3.0,2.37,2.87,2.87,2.37,2.87,2.87,2.39,3.22,3.35,2.55,3.15,3.15,2.44,3.05,3.04,2.62,3.1,3.3,2.5,1.53,2.33,1.67,2.5,1.58,2.41,1.54,2.64,1.6,0.0,1.78,2.1,1.67,2.35,1.78,2.15,1.69,2.09,1.78,2.25,La Liga,2025/26
SP1,2025-08-31,20:30:00,Vallecano,Barcelona,1,1,D,0,1,A,,12,12,6,3,16,8,9,4,4,1,0,0,6.25,5.5,1.4,7.5,5.0,1.4,7.0,5.25,1.4,6.5,4.8,1.36,6.75,5.25,1.4,7.0,5.25,1.4,6.5,5.0,1.4,6.92,5.34,1.41,7.5,5.5,1.43,6.74,5.11,1.39,7.2,5.8,1.44,1.44,2.75,1.44,2.82,1.44,2.8,1.41,2.74,1.47,2.98,1.25,2.03,1.83,2.05,1.86,2.03,1.83,1.97,1.77,2.07,1.86,6.75,5.25,1.4,7.0,5.0,1.4,7.0,5.4,1.38,7.0,5.0,1.4,6.5,5.0,1.42,6.5,5.0,1.4,6.5,5.0,1.4,6.76,5.37,1.42,7.0,5.4,1.44,6.67,5.13,1.4,7.4,5.5,1.45,1.44,2.75,1.46,2.79,1.45,2.9,1.42,2.77,1.49,3.0,1.25,1.9,1.95,2.03,1.9,2.0,1.95,1.95,1.81,2.03,1.94,La Liga,2025/26
D1,2025-08-22,19:30:00,Bayern Munich,RB Leipzig,6,0,H,3,0,H,,19,12,10,1,13,13,5,5,4,1,0,0,1.22,7.0,9.0,1.22,7.0,12.0,1.19,7.5,10.0,1.2,7.0,11.0,1.23,7.0,10.5,1.22,7.0,10.0,1.22,7.0,10.0,1.23,7.43,10.85,1.26,7.5,12.0,1.21,7.13,10.3,1.26,7.8,12.0,1.25,4.0,1.32,3.33,1.25,4.2,1.24,3.91,1.27,4.5,-2.0,1.93,1.93,1.93,1.96,1.94,1.94,1.86,1.86,1.96,1.98,1.22,7.0,11.0,1.25,7.0,10.0,1.2,7.0,10.0,1.22,7.0,10.0,1.25,7.0,9.75,1.25,7.0,9.5,1.25,7.0,9.5,1.25,7.24,10.31,1.26,7.5,11.0,1.23,6.98,9.87,1.27,7.6,12.0,1.25,4.0,1.32,3.33,1.25,4.33,1.22,4.06,1.28,4.4,-2.0,1.98,1.88,1.98,1.93,1.99,1.93,1.9,1.86,2.07,1.92,Bundesliga,2025/26
D1,2025-08-23,14:30:00,Ein Frankfurt,Werder Bremen,4,1,H,2,0,H,,18,10,5,5,9,9,7,1,1,3,0,0,1.7,4.1,4.5,1.7,4.0,4.6,1.66,3.95,4.5,1.65,3.9,4.2,1.71,4.0,4.5,1.7,4.0,4.5,1.7,4.0,4.4,1.7,4.26,4.68,1.73,4.2,4.6,1.69,4.0,4.46,1.73,4.3,5.1,1.57,2.38,1.57,2.5,1.6,2.4,1.55,2.35,1.63,2.5,-0.75,1.88,1.98,1.89,2.02,1.9,1.98,1.84,1.86,1.91,2.05,1.53,4.75,5.25,1.53,4.6,5.5,1.52,4.5,5.1,1.53,4.4,5.5,1.53,4.6,5.25,1.57,4.33,5.25,1.53,4.6,5.25,1.62,4.52,5.21,1.57,4.75,5.5,1.53,4.55,5.28,1.59,4.8,6.0,1.4,3.0,1.52,2.63,1.5,3.0,1.42,2.77,1.45,3.05,-1.0,1.83,2.03,2.02,1.91,1.91,2.03,1.83,1.93,1.91,2.06,Bundesliga,2025/26
D1,2025-08-23,14:30:00,Freiburg,Augsburg,1,3,A,0,3,A,,16,14,4,5,14,18,5,5,4,5,0,0,1.85,3.6,4.33,1.83,3.6,4.33,1.79,3.55,4.3,1.8,3.4,4.0,1.8,3.7,4.33,1.8,3.7,4.33,1.8,3.7,4.2,1.87,3.71,4.33,1.86,3.7,4.5,1.82,3.58,4.25,1.92,3.75,4.5,1.93,1.93,1.96,1.93,1.93,1.93,1.89,1.87,1.99,1.96,-0.5,1.85,2.0,1.88,2.03,1.85,2.0,1.8,1.95,1.92,2.06,1.91,3.6,3.9,1.95,3.5,4.0,1.89,3.45,3.85,1.93,3.5,3.8,1.95,3.5,3.9,1.95,3.5,3.9,1.95,3.5,3.8,1.96,3.63,4.11,2.0,3.6,4.0,1.93,3.5,3.88,2.02,3.65,4.2,1.95,1.9,1.99,1.92,1.98,1.91,1.93,1.83,2.04,1.93,-0.5,1.93,1.93,1.97,1.95,1.97,1.93,1.9,1.86,2.03,1.96,Bundesliga,2025/26
D1,2025-08-23,14:30:00,Heidenheim,Wolfsburg,1,3,A,1,1,D,,7,15,2,5,12,12,2,5,2,3,0,0,3.2,3.5,2.2,3.1,3.5,2.25,3.05,3.5,2.17,2.9,3.5,2.15,3.0,3.6,2.25,3.0,3.6,2.25,3.0,3.5,2.2,3.19,3.59,2.26,3.2,3.6,2.25,3.05,3.51,2.2,3.3,3.65,2.32,1.67,2.2,1.71,2.23,1.73,2.2,1.68,2.12,1.75,2.26,0.25,1.93,1.93,1.93,1.97,1.93,1.93,1.85,1.8,1.96,2.0,2.8,3.3,2.55,2.75,3.4,2.5,2.63,3.45,2.48,2.7,3.4,2.5,2.8,3.3,2.45,2.8,3.4,2.45,2.8,3.3,2.45,2.84,3.47,2.58,2.8,3.5,2.56,2.74,3.38,2.5,2.98,3.45,2.64,1.9,1.95,1.81,2.08,1.9,2.06,1.8,1.98,1.92,2.04,0.0,2.03,1.83,2.06,1.87,2.03,1.85,1.97,1.81,2.12,1.88,Bundesliga,2025/26
D1,2025-08-23,14:30:00,Leverkusen,Hoffenheim,1,2,A,1,1,D,,7,10,2,5,9,17,6,4,0,4,0,0,1.53,4.75,5.25,1.53,4.5,5.5,1.46,4.6,5.75,1.5,4.2,5.25,1.51,4.6,5.75,1.5,4.6,5.75,1.5,4.6,5.5,1.56,4.74,5.46,1.55,5.4,6.2,1.5,4.63,5.56,1.58,4.9,6.0,1.5,2.63,1.5,2.68,1.5,2.7,1.46,2.62,1.52,2.8,-1.25,2.08,1.73,2.16,1.76,2.08,1.92,1.94,1.75,2.2,1.78,1.73,4.2,4.1,1.73,4.0,4.33,1.68,4.1,4.2,1.7,4.1,4.33,1.73,4.1,4.2,1.73,4.2,4.2,1.73,4.0,4.2,1.76,4.25,4.41,1.75,4.7,4.4,1.71,4.15,4.24,1.79,4.3,4.7,1.57,2.38,1.57,2.51,1.57,2.5,1.53,2.43,1.59,2.64,-0.75,1.98,1.88,1.97,1.95,1.98,2.02,1.88,1.86,2.0,1.97,Bundesliga,2025/26
D1,2025-08-23,14:30:00,Union Berlin,Stuttgart,2,1,H,2,0,H,,8,21,2,6,21,13,5,11,4,4,0,0,3.4,3.7,2.05,3.4,3.6,2.05,3.3,3.55,2.02,3.2,3.5,2.0,3.25,3.6,2.1,3.25,3.7,2.1,3.25,3.6,2.1,3.56,3.69,2.07,3.4,3.75,2.1,3.3,3.59,2.06,3.65,3.8,2.12,1.67,2.2,1.7,2.25,1.67,2.21,1.66,2.16,1.72,2.3,0.25,2.05,1.8,2.11,1.8,2.05,1.8,1.96,1.7,2.15,1.84,4.1,3.75,1.83,4.0,3.75,1.83,3.9,3.8,1.8,3.9,3.8,1.83,3.8,3.75,1.88,3.8,3.75,1.91,3.8,3.75,1.91,4.23,3.87,1.87,4.1,3.9,1.92,3.91,3.78,1.85,4.4,4.0,1.89,1.62,2.3,1.67,2.32,1.67,2.3,1.63,2.21,1.7,2.38,0.5,2.03,1.83,2.05,1.88,2.03,1.9,1.94,1.82,2.11,1.89,Bundesliga,2025/26
D1,2025-08-23,17:30:00,St Pauli,Dortmund,3,3,D,0,1,A,,11,8,7,7,13,12,5,2,2,3,0,1,4.5,3.9,1.75,4.6,3.75,1.73,4.5,4.0,1.65,4.4,3.6,1.67,4.5,3.9,1.73,4.5,3.9,1.75,4.4,3.8,1.73,4.82,3.79,1.77,4.75,4.1,1.75,4.52,3.85,1.71,4.9,4.0,1.81,1.83,2.03,1.87,2.02,1.83,2.07,1.75,2.02,1.86,2.08,0.75,1.88,1.98,1.9,2.0,1.9,1.98,1.82,1.87,1.92,2.03,4.2,3.7,1.9,4.0,3.6,1.9,3.95,3.65,1.82,3.9,3.7,1.85,4.2,3.7,1.83,4.2,3.7,1.83,4.2,3.6,1.83,4.13,3.64,1.95,4.2,3.75,1.95,4.04,3.65,1.86,4.4,3.75,1.97,1.8,2.0,1.86,2.05,1.82,2.05,1.77,2.01,1.89,2.1,0.5,1.98,1.88,1.96,1.96,1.98,1.91,1.92,1.83,2.02,1.96,Bundesliga,2025/26
D1,2025-08-24,14:30:00,Mainz,FC Koln,0,1,A,0,0,D,,19,12,2,2,7,9,8,3,0,2,1,0,1.9,3.7,4.0,1.9,3.6,4.0,1.83,3.6,3.95,1.83,3.5,3.75,1.85,3.7,4.1,1.85,3.7,4.0,1.83,3.6,4.0,1.93,3.7,4.07,1.91,3.7,4.1,1.86,3.61,3.95,1.97,3.7,4.1,1.83,2.03,1.85,2.05,1.83,2.03,1.8,1.96,1.9,2.06,-0.5,1.88,1.98,1.93,1.97,1.9,1.98,1.84,1.92,1.97,1.98,1.95,3.6,3.7,1.95,3.6,3.75,1.93,3.6,3.6,1.95,3.6,3.6,1.95,3.6,3.75,1.95,3.6,3.75,1.95,3.6,3.7,1.93,3.73,4.12,2.0,3.75,3.85,1.95,3.6,3.7,2.04,3.8,3.95,1.83,2.03,1.85,2.06,1.83,2.05,1.79,1.98,1.86,2.12,-0.5,1.98,1.88,1.93,1.98,1.98,1.9,1.9,1.85,2.04,1.94,Bundesliga,2025/26
D1,2025-08-24,16:30:00,M'gladbach,Hamburg,0,0,D,0,0,D,,17,7,4,2,10,10,7,6,2,1,0,0,1.85,3.9,3.9,1.83,4.0,3.75,1.76,4.0,3.85,1.8,3.75,3.6,1.87,3.9,3.75,1.85,3.9,3.75,1.85,3.8,3.75,1.86,4.06,3.96,1.88,4.1,4.0,1.82,3.92,3.78,1.93,4.1,4.1,1.53,2.5,1.54,2.58,1.53,2.5,1.5,2.47,1.58,2.62,-0.5,1.85,2.0,1.87,2.04,1.85,2.0,1.8,1.95,1.93,2.06,1.95,3.8,3.5,1.95,3.75,3.6,1.8,3.95,3.75,1.91,3.9,3.5,1.95,3.8,3.5,1.85,3.9,3.75,1.85,3.8,3.75,1.88,4.02,4.03,2.0,4.0,3.85,1.89,3.87,3.65,1.99,4.0,4.0,1.53,2.5,1.58,2.51,1.58,2.55,1.52,2.45,1.59,2.62,-0.5,2.0,1.85,1.88,2.04,2.0,1.99,1.86,1.89,1.96,2.03,Bundesliga,2025/26
D1,2025-08-29,19:30:00,Hamburg,St Pauli,0,2,A,0,1,A,,5,17,2,6,13,19,2,5,3,3,1,0,2.4,3.3,3.0,2.4,3.2,3.0,2.38,3.3,3.05,2.4,3.3,2.9,2.37,3.3,3.0,2.37,3.3,3.0,2.37,3.25,3.0,2.45,3.29,3.12,2.46,3.33,3.05,2.39,3.26,2.99,2.56,3.4,3.15,2.0,1.8,2.1,1.81,2.1,1.81,2.02,1.76,2.14,1.86,-0.25,2.05,1.8,2.14,1.81,2.05,1.81,1.96,1.78,2.08,1.89,2.45,3.2,3.0,2.4,3.25,3.0,2.43,3.3,2.95,2.4,3.25,2.9,2.45,3.2,2.95,2.45,3.2,3.0,2.4,3.2,2.9,2.49,3.18,3.2,2.47,3.3,3.1,2.42,3.22,2.97,2.52,3.35,3.2,2.2,1.67,2.29,1.69,2.22,1.8,2.1,1.7,2.26,1.77,-0.25,2.1,1.78,2.13,1.82,2.1,1.78,2.01,1.75,2.14,1.86,Bundesliga,2025/26
D1,2025-08-30,14:30:00,Hoffenheim,Ein Frankfurt,1,3,A,0,2,A,,17,9,5,6,14,10,4,5,2,3,0,0,2.88,3.75,2.25,2.8,3.75,2.3,2.9,3.9,2.2,2.7,3.7,2.2,2.85,3.8,2.25,2.87,3.8,2.25,2.8,3.75,2.25,2.95,3.84,2.3,2.9,3.9,2.3,2.84,3.76,2.24,3.0,3.9,2.4,1.5,2.63,1.5,2.67,1.5,2.7,1.47,2.58,1.52,2.82,0.25,1.85,2.0,1.88,2.03,1.86,2.0,1.84,1.87,1.89,2.09,2.6,3.8,2.45,2.63,3.75,2.5,2.7,3.8,2.4,2.55,3.9,2.4,2.65,3.8,2.37,2.62,3.8,2.37,2.62,3.8,2.37,2.74,3.81,2.47,2.7,3.9,2.5,2.64,3.79,2.4,2.78,4.0,2.52,1.44,2.75,1.48,2.68,1.45,2.9,1.42,2.75,1.5,2.98,0.0,2.03,1.83,2.06,1.85,2.14,1.84,2.03,1.75,2.08,1.9,Bundesliga,2025/26
D1,2025-08-30,14:30:00,RB Leipzig,Heidenheim,2,0,H,0,0,D,,19,5,5,3,7,13,4,3,2,5,0,0,1.44,5.0,6.25,1.44,4.6,7.0,1.42,5.0,6.75,1.4,4.5,6.0,1.43,4.8,6.5,1.44,4.8,6.5,1.44,4.8,6.5,1.45,5.17,6.4,1.46,5.0,7.0,1.42,4.83,6.48,1.48,5.2,7.0,1.5,2.63,1.51,2.66,1.53,2.63,1.5,2.5,1.54,2.74,-1.25,1.93,1.93,1.92,1.99,1.95,1.93,1.85,1.9,2.02,1.95,1.48,4.75,5.75,1.5,5.0,5.5,1.46,5.0,6.0,1.44,4.8,6.0,1.47,4.8,6.0,1.48,4.8,6.0,1.48,4.8,5.75,1.48,4.96,6.28,1.5,5.0,6.0,1.47,4.88,5.82,1.53,5.3,6.2,1.4,3.0,1.51,2.61,1.44,3.0,1.41,2.8,1.45,3.15,-1.25,2.0,1.85,2.01,1.89,2.0,1.86,1.91,1.84,2.06,1.92,Bundesliga,2025/26
D1,2025-08-30,14:30:00,Stuttgart,M'gladbach,1,0,H,0,0,D,,13,15,5,6,5,13,6,10,2,1,0,0,1.6,4.5,4.75,1.6,4.5,5.0,1.58,4.6,4.9,1.55,4.2,4.6,1.62,4.5,4.6,1.61,4.5,4.6,1.61,4.5,4.6,1.62,4.59,4.97,1.62,4.6,5.0,1.59,4.45,4.75,1.68,4.6,5.1,1.4,3.0,1.42,2.95,1.42,3.0,1.4,2.83,1.44,3.15,-1.0,1.98,1.88,1.99,1.92,1.98,1.88,1.92,1.84,2.05,1.91,1.57,4.5,5.0,1.57,4.6,5.0,1.58,4.5,5.0,1.55,4.75,5.0,1.58,4.6,4.8,1.57,4.6,4.8,1.57,4.6,4.8,1.58,4.81,5.08,1.59,4.8,5.0,1.57,4.59,4.9,1.62,5.0,5.2,1.33,3.4,1.34,3.31,1.35,3.4,1.34,3.16,1.39,3.5,-1.0,1.88,1.98,1.91,2.0,1.91,1.98,1.87,1.9,1.95,2.01,Bundesliga,2025/26
D1,2025-08-30,14:30:00,Werder Bremen,Leverkusen,3,3,D,1,2,A,,12,10,5,4,11,10,3,7,4,3,1,0,3.7,3.8,1.91,3.6,3.75,1.95,3.65,4.0,1.88,3.4,3.7,1.87,3.5,3.8,1.95,3.5,3.8,1.95,3.5,3.8,1.95,3.82,3.87,1.94,3.75,4.0,1.95,3.56,3.83,1.91,4.0,4.0,1.97,1.57,2.38,1.6,2.44,1.57,2.5,1.54,2.38,1.62,2.52,0.5,1.93,1.93,1.95,1.95,1.93,1.93,1.88,1.87,2.01,1.97,3.6,3.9,1.91,3.5,4.0,1.95,3.6,3.95,1.92,3.5,4.0,1.9,3.5,3.9,1.93,3.5,3.9,1.95,3.5,3.9,1.91,3.59,3.89,2.0,3.75,4.0,1.95,3.54,3.9,1.92,3.9,4.0,2.0,1.44,2.75,1.49,2.66,1.48,2.75,1.44,2.68,1.5,2.96,0.5,1.93,1.93,1.89,2.01,1.93,1.95,1.87,1.88,1.98,2.0,Bundesliga,2025/26
D1,2025-08-30,17:30:00,Augsburg,Bayern Munich,2,3,A,0,2,A,,10,20,3,10,14,11,7,5,3,4,0,0,9.0,6.5,1.27,11.0,6.5,1.22,10.0,6.75,1.24,9.5,5.75,1.22,10.5,6.5,1.25,10.0,6.5,1.25,10.0,6.5,1.25,9.88,6.53,1.27,11.0,6.75,1.27,9.87,6.41,1.24,11.5,7.2,1.28,1.33,3.4,1.34,3.24,1.35,3.4,1.32,3.23,1.39,3.4,1.75,1.98,1.88,1.99,1.9,2.02,1.9,1.93,1.82,1.99,1.93,9.0,6.0,1.29,10.0,6.0,1.29,9.5,6.0,1.28,10.0,6.0,1.25,9.25,6.0,1.29,9.5,6.0,1.28,9.0,5.75,1.28,9.65,6.2,1.29,10.0,6.0,1.32,9.33,5.93,1.28,11.0,6.6,1.31,1.44,2.75,1.43,2.87,1.44,3.1,1.4,2.86,1.44,3.15,1.75,1.83,2.03,1.88,2.03,1.86,2.04,1.8,1.96,1.94,2.02,Bundesliga,2025/26
D1,2025-08-31,14:30:00,Wolfsburg,Mainz,1,1,D,1,0,H,,11,17,3,3,15,14,3,10,3,5,1,0,2.0,3.6,3.5,2.05,3.6,3.4,2.06,3.8,3.3,1.95,3.5,3.3,2.1,3.6,3.3,2.1,3.6,3.3,2.1,3.6,3.25,2.08,3.68,3.54,2.1,3.8,3.6,2.04,3.62,3.34,2.12,3.7,3.7,1.73,2.1,1.78,2.13,1.75,2.1,1.72,2.06,1.81,2.16,-0.5,2.03,1.83,2.09,1.83,2.05,1.83,2.01,1.76,2.12,1.86,2.15,3.5,3.2,2.15,3.5,3.25,2.1,3.6,3.3,2.15,3.6,3.13,2.15,3.6,3.25,2.15,3.6,3.25,2.1,3.5,3.2,2.13,3.65,3.51,2.2,3.6,3.3,2.14,3.53,3.23,2.24,3.65,3.5,1.73,2.1,1.79,2.13,1.77,2.1,1.73,2.06,1.82,2.18,-0.25,1.9,1.95,1.85,2.08,1.9,1.98,1.81,1.94,1.93,2.04,Bundesliga,2025/26
D1,2025-08-31,16:30:00,Dortmund,Union Berlin,3,0,H,1,0,H,,11,12,6,3,14,7,4,6,0,0,0,0,1.4,5.25,6.5,1.36,5.0,8.0,1.4,5.3,6.75,1.36,4.6,6.5,1.38,5.0,7.5,1.4,5.0,7.5,1.36,5.0,7.5,1.4,5.3,7.28,1.41,5.3,8.0,1.38,5.06,7.02,1.42,5.6,7.8,1.5,2.63,1.54,2.59,1.53,2.63,1.49,2.53,1.56,2.68,-1.25,1.85,2.0,1.88,2.03,1.85,2.0,1.79,1.95,1.86,2.05,1.4,4.75,6.5,1.4,4.6,8.0,1.42,5.1,6.75,1.4,4.8,7.0,1.42,4.8,7.25,1.4,4.8,7.0,1.4,4.8,7.0,1.41,5.29,7.35,1.46,5.1,8.0,1.41,4.84,6.88,1.46,5.1,8.0,1.57,2.38,1.55,2.6,1.6,2.45,1.56,2.36,1.64,2.48,-1.25,1.93,1.93,1.88,2.04,1.97,1.93,1.86,1.89,1.96,2.0,Bundesliga,2025/26
D1,2025-08-31,18:30:00,FC Koln,Freiburg,4,1,H,1,0,H,,18,12,6,2,12,9,3,5,2,1,0,0,2.55,3.3,2.8,2.6,3.25,2.8,2.48,3.35,2.85,2.45,3.2,2.63,2.55,3.3,2.75,2.4,3.1,2.62,2.4,3.1,2.62,2.66,3.38,2.77,2.6,3.35,2.85,2.5,3.26,2.74,2.64,3.4,2.9,2.03,1.83,2.03,1.87,2.03,1.83,1.97,1.79,2.08,1.86,0.0,1.85,2.0,1.91,2.0,1.85,2.0,1.81,1.93,1.88,2.05,2.6,3.3,2.7,2.6,3.3,2.75,2.48,3.4,2.8,2.5,3.4,2.7,2.55,3.3,2.75,2.45,3.1,2.6,2.45,3.1,2.6,2.6,3.42,2.86,2.62,3.4,2.8,2.53,3.31,2.72,2.68,3.5,2.9,1.9,1.95,1.92,1.98,1.91,1.96,1.87,1.9,1.93,2.02,0.0,1.9,1.95,1.87,2.06,1.9,1.99,1.83,1.92,1.91,2.07,Bundesliga,2025/26
F1,2025-08-15,19:45:00,Rennes,Marseille,1,0,H,0,0,D,,12,24,5,2,8,11,1,12,2,3,1,0,3.5,3.6,2.05,3.4,3.5,2.1,3.45,3.55,1.94,3.5,3.5,2.05,3.4,3.5,2.05,3.4,3.5,2.05,3.4,3.5,2.05,3.64,3.58,2.11,3.55,3.6,2.1,3.46,3.52,2.04,3.8,3.65,2.12,1.88,1.98,1.91,2.0,1.88,2.05,1.79,1.97,1.89,2.08,0.5,1.8,2.05,1.82,2.11,1.81,2.07,1.77,2.0,1.87,2.14,3.9,3.6,1.91,3.75,3.6,1.95,3.7,3.45,1.9,3.8,3.7,1.9,3.8,3.6,1.95,3.8,3.6,1.95,3.75,3.6,1.95,3.99,3.69,1.97,3.9,3.75,1.97,3.8,3.58,1.93,4.1,3.8,2.02,1.8,2.0,1.88,2.03,1.81,2.08,1.76,2.01,1.84,2.14,0.5,1.95,1.9,1.94,1.98,1.95,1.97,1.86,1.89,1.97,2.02,Ligue 1,2025/26
F1,2025-08-16,16:00:00,Lens,Lyon,0,1,A,0,1,A,,18,11,5,3,13,20,13,8,2,3,0,0,2.3,3.6,2.9,2.3,3.5,3.0,2.28,3.5,2.75,2.25,3.5,2.8,2.25,3.6,2.95,2.3,3.6,2.9,2.25,3.6,2.9,2.35,3.63,3.02,2.33,3.6,3.0,2.29,3.56,2.87,2.38,3.75,3.05,1.67,2.2,1.68,2.27,1.7,2.2,1.66,2.14,1.73,2.28,-0.25,2.0,1.85,2.04,1.87,2.0,1.85,1.92,1.77,2.07,1.88,2.5,3.4,2.75,2.4,3.5,2.8,2.35,3.4,2.7,2.45,3.5,2.75,2.45,3.5,2.7,2.45,3.5,2.75,2.45,3.5,2.7,2.41,3.61,2.98,2.54,3.6,2.9,2.43,3.47,2.75,2.6,3.55,2.98,1.73,2.1,1.72,2.23,1.75,2.2,1.71,2.08,1.79,2.22,0.0,1.8,2.05,1.76,2.18,1.82,2.1,1.77,2.02,1.86,2.15,Ligue 1,2025/26
F1,2025-08-16,18:00:00,Monaco,Le Havre,3,1,H,1,0,H,,13,9,3,4,5,14,5,4,0,1,0,0,1.33,5.25,8.0,1.33,5.5,8.5,1.3,5.2,8.0,1.3,5.0,8.5,1.36,5.25,7.75,1.36,5.25,7.5,1.36,5.25,7.5,1.34,5.61,8.59,1.36,5.5,8.5,1.33,5.23,8.08,1.37,5.9,9.6,1.53,2.5,1.55,2.55,1.55,2.5,1.51,2.44,1.58,2.58,-1.5,1.95,1.9,1.98,1.93,1.95,1.9,1.92,1.84,2.02,1.94,1.22,7.0,11.0,1.22,6.5,13.0,1.18,6.4,11.5,1.18,7.0,13.0,1.22,6.5,12.5,1.22,6.5,12.0,1.22,6.5,12.0,1.24,6.79,12.26,1.23,7.0,13.0,1.21,6.63,11.97,1.25,7.4,14.0,1.4,3.0,1.45,2.81,1.44,3.0,1.4,2.84,1.44,3.15,-2.0,2.0,1.85,2.1,1.79,2.05,1.85,1.96,1.77,2.07,1.88,Ligue 1,2025/26
F1,2025-08-16,20:05:00,Nice,Toulouse,0,1,A,0,0,D,,13,10,2,2,12,13,9,4,2,3,0,0,2.1,3.3,3.6,2.1,3.4,3.5,2.0,3.3,3.5,2.05,3.3,3.3,2.15,3.4,3.3,2.15,3.4,3.3,2.15,3.4,3.3,2.12,3.45,3.69,2.15,3.4,3.66,2.08,3.34,3.47,2.22,3.45,3.75,2.0,1.85,2.03,1.87,2.1,1.85,1.98,1.78,2.08,1.87,-0.25,1.8,2.05,1.83,2.09,1.8,2.05,1.71,1.98,1.89,2.07,1.91,3.4,4.1,2.0,3.4,3.75,1.93,3.25,3.8,1.95,3.5,3.8,1.98,3.4,3.9,1.95,3.4,3.9,1.95,3.4,3.9,2.15,3.36,3.77,2.0,3.5,4.2,1.95,3.39,3.9,2.06,3.55,4.2,2.0,1.85,2.06,1.85,2.06,1.85,1.97,1.79,2.04,1.92,-0.5,1.98,1.88,2.14,1.78,1.98,1.93,1.93,1.83,2.06,1.92,Ligue 1,2025/26
F1,2025-08-17,14:00:00,Brest,Lille,3,3,D,1,2,A,,18,10,5,6,11,13,2,2,2,1,0,0,3.3,3.4,2.2,3.3,3.4,2.2,3.2,3.3,2.12,3.13,3.4,2.1,3.2,3.5,2.15,3.2,3.5,2.15,3.2,3.5,2.15,3.36,3.48,2.23,3.33,3.5,2.2,3.22,3.41,2.16,3.45,3.55,2.3,1.9,1.95,1.93,1.95,1.94,1.95,1.87,1.87,1.94,1.99,0.25,1.93,1.93,1.97,1.93,1.93,1.93,1.89,1.77,1.99,1.97,2.45,3.2,3.0,2.4,3.2,3.0,2.5,3.15,2.7,2.5,3.1,3.0,2.45,3.25,2.9,2.45,3.25,2.9,2.45,3.25,2.9,2.71,3.23,2.87,2.55,3.3,3.13,2.46,3.18,2.93,2.62,3.3,3.1,2.05,1.8,2.15,1.76,2.1,1.8,2.03,1.74,2.22,1.8,-0.25,2.1,1.78,2.29,1.68,2.12,1.78,2.02,1.7,2.22,1.79,Ligue 1,2025/26
F1,2025-08-17,16:15:00,Angers,Paris FC,1,0,H,1,0,H,,8,17,2,7,14,10,3,7,2,1,1,0,2.63,3.2,2.8,2.63,3.1,2.8,2.63,3.0,2.7,2.55,3.1,2.63,2.6,3.2,2.75,2.6,3.2,2.75,2.6,3.2,2.75,2.75,3.17,2.83,2.71,3.2,2.8,2.62,3.12,2.74,2.74,3.25,2.92,2.2,1.67,2.27,1.68,2.23,1.67,2.16,1.65,2.28,1.73,0.0,1.88,1.98,1.93,1.98,1.88,1.98,1.84,1.93,1.91,2.03,3.1,3.25,2.35,3.0,3.25,2.4,2.95,3.25,2.28,3.1,3.13,2.38,3.0,3.3,2.35,3.0,3.3,2.37,3.0,3.25,2.37,3.24,3.46,2.33,3.13,3.4,2.4,3.04,3.27,2.35,3.25,3.4,2.48,2.0,1.85,1.93,1.98,2.0,1.87,1.94,1.81,2.1,1.9,0.25,1.83,2.03,1.92,2.01,1.83,2.05,1.78,1.88,1.88,2.12,Ligue 1,2025/26
F1,2025-08-17,16:15:00,Auxerre,Lorient,1,0,H,0,0,D,,7,14,3,3,18,14,4,5,3,2,0,0,2.38,3.3,3.0,2.38,3.3,3.0,2.23,3.3,2.95,2.3,3.3,2.88,2.35,3.4,2.9,2.37,3.5,2.9,2.3,3.4,2.9,2.4,3.46,3.06,2.4,3.5,3.05,2.32,3.35,2.96,2.4,3.5,3.15,1.9,1.95,1.91,1.98,1.95,1.95,1.9,1.85,1.96,1.98,-0.25,2.05,1.8,2.07,1.85,2.05,1.8,1.91,1.77,2.07,1.87,2.55,3.2,2.88,2.5,3.2,2.88,2.4,3.2,2.85,2.55,3.1,2.9,2.5,3.2,2.85,2.5,3.25,2.8,2.5,3.25,2.8,2.47,3.29,3.14,2.55,3.25,3.0,2.49,3.18,2.88,2.66,3.3,3.1,2.1,1.73,2.1,1.81,2.16,1.83,2.04,1.74,2.16,1.83,0.0,1.8,2.05,1.74,2.22,1.81,2.1,1.76,2.03,1.85,2.14,Ligue 1,2025/26
F1,2025-08-17,16:15:00,Metz,Strasbourg,0,1,A,0,0,D,,2,9,0,4,16,13,3,3,2,2,0,0,3.2,3.4,2.25,3.1,3.4,2.3,2.9,3.4,2.23,3.0,3.3,2.2,2.95,3.4,2.3,3.0,3.4,2.3,3.0,3.4,2.3,3.23,3.48,2.29,3.2,3.45,2.3,3.03,3.38,2.26,3.3,3.5,2.36,1.88,1.98,1.92,1.97,1.91,1.98,1.86,1.89,1.94,1.99,0.25,1.88,1.98,1.93,1.98,1.88,1.98,1.81,1.85,1.94,2.02,3.75,3.5,2.0,3.6,3.5,2.05,3.45,3.45,1.96,3.6,3.5,2.0,3.6,3.4,2.05,3.6,3.4,2.05,3.5,3.4,2.05,3.52,3.53,2.17,4.0,3.6,2.05,3.62,3.47,2.01,3.95,3.6,2.1,1.88,1.98,1.91,2.0,1.91,1.98,1.86,1.9,1.97,2.02,0.5,1.83,2.03,1.78,2.17,1.9,2.03,1.79,1.97,1.89,2.1,Ligue 1,2025/26
F1,2025-08-17,19:45:00,Nantes,Paris SG,0,1,A,0,0,D,,6,18,0,4,6,6,2,7,1,1,0,0,7.5,5.5,1.36,8.5,5.5,1.33,8.5,5.5,1.27,8.0,5.0,1.3,7.75,5.75,1.34,8.0,5.5,1.33,7.5,5.5,1.33,8.26,5.72,1.35,8.5,5.75,1.36,7.97,5.43,1.32,9.0,6.0,1.35,1.44,2.75,1.48,2.73,1.45,2.75,1.44,2.66,1.5,2.82,1.5,1.88,1.98,1.93,1.97,1.96,1.98,1.88,1.87,1.93,1.96,13.0,7.0,1.2,12.0,6.0,1.25,11.5,6.5,1.18,12.0,7.5,1.18,13.0,6.75,1.21,13.0,6.5,1.22,13.0,6.5,1.2,11.14,6.54,1.26,14.0,7.5,1.25,12.38,6.71,1.21,15.0,7.8,1.24,1.44,2.75,1.51,2.64,1.5,2.95,1.42,2.74,1.51,2.94,2.0,1.8,2.05,1.69,2.26,1.86,2.05,1.78,1.95,1.9,2.06,Ligue 1,2025/26
F1,2025-08-22,19:45:00,Paris SG,Angers,1,0,H,0,0,D,,21,3,4,0,3,9,12,0,0,0,0,0,1.08,12.0,21.0,1.08,11.0,29.0,1.05,10.5,25.0,1.07,11.5,26.0,1.1,11.5,26.0,1.09,11.0,23.0,1.09,11.0,23.0,1.09,12.5,27.0,1.1,12.0,31.0,1.08,11.06,24.94,1.1,15.0,34.0,1.25,4.0,,,1.26,4.0,1.24,3.77,1.28,4.2,-2.75,1.93,1.93,1.95,1.93,1.95,1.93,1.87,1.84,1.96,1.98,1.06,13.0,23.0,1.07,12.0,34.0,1.04,11.0,25.0,1.06,13.0,29.0,1.08,12.5,31.0,1.08,13.0,29.0,1.07,12.0,29.0,1.09,12.48,27.07,1.08,13.0,41.0,1.06,11.97,29.25,1.09,16.5,40.0,1.25,4.0,,,1.27,4.0,1.24,3.8,1.3,4.2,-2.75,1.75,2.05,1.93,1.95,1.86,2.08,1.8,1.96,1.87,2.11,Ligue 1,2025/26
F1,2025-08-23,16:00:00,Marseille,Paris FC,5,2,H,2,1,H,,12,8,7,4,9,12,5,2,1,0,0,0,1.38,5.0,7.5,1.36,5.0,8.5,1.33,4.8,8.0,1.33,4.6,8.0,1.39,5.0,7.5,1.4,5.0,7.5,1.4,5.0,7.5,1.39,5.14,8.08,1.4,5.0,8.5,1.36,4.89,7.89,1.4,5.3,9.2,1.65,2.2,1.67,2.3,1.7,2.25,1.64,2.17,1.7,2.34,-1.5,2.05,1.75,2.1,1.8,2.07,1.8,2.02,1.74,2.14,1.84,1.42,5.0,6.25,1.4,5.0,7.5,1.32,5.0,7.5,1.4,4.8,7.5,1.41,5.0,7.0,1.4,5.0,7.0,1.4,4.8,7.0,1.42,5.09,7.5,1.44,5.1,8.0,1.39,4.93,7.16,1.43,5.2,8.6,1.53,2.4,1.63,2.39,1.57,2.5,1.53,2.41,1.58,2.6,-1.25,1.93,1.93,1.93,2.0,1.93,2.02,1.8,1.96,1.94,2.05,Ligue 1,2025/26
F1,2025-08-23,18:00:00,Nice,Auxerre,3,1,H,2,1,H,,16,12,6,8,10,15,5,4,2,2,0,1,1.62,4.2,5.0,1.67,4.0,5.0,1.57,4.1,4.9,1.62,3.8,4.8,1.62,4.2,5.0,1.61,4.2,5.0,1.61,4.2,4.8,1.68,4.12,4.98,1.67,4.33,5.0,1.62,4.09,4.93,1.72,4.2,5.1,1.73,2.08,1.79,2.1,1.78,2.1,1.72,2.05,1.81,2.16,-0.75,1.83,2.03,1.88,2.03,1.83,2.03,1.76,1.92,1.91,2.03,1.85,3.7,4.1,1.83,3.6,4.33,1.74,3.7,4.1,1.8,3.6,4.4,1.83,3.6,4.33,1.83,3.6,4.33,1.83,3.6,4.33,1.85,3.81,4.42,1.88,3.9,4.5,1.8,3.68,4.25,1.91,3.8,4.6,2.0,1.85,1.94,1.96,2.0,1.94,1.91,1.84,2.02,1.96,-0.5,1.85,2.0,1.85,2.08,1.85,2.1,1.78,1.99,1.91,2.07,Ligue 1,2025/26
F1,2025-08-23,20:05:00,Lyon,Metz,3,0,H,2,0,H,,13,11,8,2,13,15,4,3,0,2,0,0,1.4,5.0,7.0,1.4,5.0,7.5,1.36,4.9,6.75,1.36,4.75,7.0,1.41,5.0,7.0,1.4,5.0,7.0,1.4,5.0,7.0,1.4,5.19,7.54,1.42,5.0,7.5,1.39,4.93,6.98,1.42,5.2,8.2,1.53,2.5,1.56,2.54,1.55,2.6,1.5,2.46,1.58,2.62,-1.25,1.85,2.0,1.87,2.05,1.86,2.0,1.79,1.91,1.87,2.05,1.4,5.0,7.0,1.4,5.0,7.5,1.36,4.9,6.75,1.36,5.0,7.5,1.41,5.0,7.0,1.4,5.0,7.0,1.4,4.8,7.0,1.43,5.17,7.3,1.44,5.25,7.5,1.39,4.95,7.07,1.44,5.3,8.4,1.53,2.5,1.55,2.58,1.53,2.55,1.5,2.47,1.57,2.7,-1.25,1.83,2.03,1.93,2.0,1.91,2.05,1.81,1.95,1.91,2.06,Ligue 1,2025/26
F1,2025-08-24,14:00:00,Lorient,Rennes,4,0,H,1,0,H,,22,5,7,1,18,7,3,2,6,0,0,2,2.8,3.3,2.55,2.75,3.3,2.6,2.6,3.25,2.55,2.63,3.25,2.5,2.75,3.3,2.5,2.75,3.4,2.5,2.75,3.3,2.5,2.84,3.3,2.64,2.83,3.4,2.6,2.71,3.29,2.54,2.84,3.35,2.66,1.98,1.88,2.01,1.88,2.0,1.91,1.94,1.81,2.04,1.9,0.0,2.0,1.85,2.03,1.88,2.0,1.85,1.94,1.82,2.04,1.9,2.75,3.3,2.55,2.8,3.25,2.6,2.65,3.3,2.45,2.75,3.3,2.55,2.7,3.3,2.55,2.75,3.3,2.6,2.7,3.3,2.5,2.8,3.35,2.68,2.8,3.4,2.6,2.74,3.31,2.52,2.9,3.5,2.68,2.0,1.85,2.01,1.89,2.01,1.85,1.95,1.81,2.06,1.9,0.0,1.97,1.77,2.01,1.92,2.0,1.86,1.97,1.8,2.07,1.92,Ligue 1,2025/26
F1,2025-08-24,16:15:00,Le Havre,Lens,1,2,A,1,2,A,,18,6,6,3,17,16,7,0,3,1,0,0,3.75,3.6,1.95,3.75,3.6,1.95,3.55,3.6,1.89,3.6,3.5,1.9,3.7,3.7,1.93,3.7,3.7,1.95,3.7,3.6,1.95,3.99,3.66,1.95,3.8,3.75,1.96,3.69,3.61,1.93,4.2,3.65,2.0,1.85,2.0,1.88,2.02,1.88,2.0,1.82,1.93,1.9,2.04,0.5,1.9,1.95,1.94,1.96,1.9,1.95,1.85,1.9,1.98,2.0,4.2,3.6,1.85,4.2,3.75,1.83,4.2,3.55,1.76,4.1,3.7,1.83,4.0,3.7,1.85,4.0,3.7,1.85,4.0,3.7,1.85,4.42,3.69,1.88,4.65,3.85,1.88,4.21,3.66,1.81,4.4,3.75,1.94,1.83,2.03,1.83,2.07,1.87,2.05,1.79,1.97,1.89,2.1,0.5,2.03,1.83,2.04,1.88,2.11,1.83,1.98,1.78,2.04,1.94,Ligue 1,2025/26
F1,2025-08-24,16:15:00,Strasbourg,Nantes,1,0,H,0,0,D,,15,9,4,2,11,9,7,6,2,2,0,0,1.75,3.5,5.0,1.8,3.6,4.5,1.72,3.65,4.3,1.73,3.6,4.33,1.8,3.7,4.33,1.8,3.7,4.33,1.8,3.6,4.2,1.78,3.65,4.98,1.8,3.75,5.0,1.76,3.65,4.46,1.8,3.75,5.1,1.93,1.93,1.92,1.97,1.93,1.95,1.88,1.87,1.95,1.99,-0.75,2.0,1.85,2.02,1.88,2.0,1.86,1.94,1.76,2.03,1.91,1.75,3.5,5.0,1.8,3.6,4.6,1.68,3.6,4.6,1.75,3.6,4.75,1.77,3.6,4.6,1.75,3.6,4.6,1.75,3.6,4.6,1.79,3.65,5.08,1.8,3.75,5.4,1.74,3.6,4.74,1.83,3.7,5.3,2.05,1.8,2.06,1.85,2.07,1.87,1.96,1.8,2.06,1.89,-0.75,2.03,1.83,2.04,1.89,2.03,1.94,1.95,1.81,2.09,1.91,Ligue 1,2025/26
F1,2025-08-24,16:15:00,Toulouse,Brest,2,0,H,0,0,D,,6,16,3,2,14,10,3,9,0,1,0,0,2.1,3.6,3.3,2.1,3.4,3.5,1.97,3.4,3.45,2.05,3.4,3.25,2.1,3.5,3.4,2.1,3.5,3.4,2.1,3.5,3.4,2.11,3.57,3.57,2.15,3.6,3.55,2.07,3.46,3.41,2.14,3.7,3.6,1.93,1.93,1.95,1.93,1.97,1.93,1.89,1.85,2.0,1.94,-0.25,1.83,2.03,1.83,2.09,1.83,2.03,1.72,1.97,1.86,2.12,2.2,3.4,3.25,2.25,3.3,3.3,2.12,3.3,3.2,2.2,3.4,3.2,2.2,3.4,3.2,2.2,3.4,3.2,2.2,3.4,3.2,2.27,3.4,3.4,2.3,3.45,3.33,2.2,3.37,3.22,2.32,3.45,3.45,2.03,1.83,2.05,1.87,2.05,1.83,1.97,1.79,2.06,1.9,-0.25,1.93,1.93,1.96,1.96,1.95,1.93,1.85,1.9,2.0,1.99,Ligue 1,2025/26
F1,2025-08-24,19:45:00,Lille,Monaco,1,0,H,0,0,D,,18,6,1,1,7,14,8,3,1,2,0,0,3.1,3.6,2.2,3.1,3.5,2.25,2.85,3.5,2.23,2.9,3.5,2.15,2.85,3.6,2.3,2.87,3.6,2.3,2.87,3.6,2.3,3.11,3.64,2.29,3.1,3.6,2.35,2.94,3.53,2.25,3.2,3.7,2.34,1.67,2.15,1.7,2.25,1.73,2.2,1.67,2.12,1.73,2.3,0.25,1.9,1.95,1.91,1.99,1.9,1.98,1.8,1.85,1.93,2.04,3.2,3.7,2.15,3.2,3.6,2.15,3.2,3.45,2.06,3.2,3.7,2.1,3.2,3.6,2.15,3.2,3.6,2.15,3.2,3.5,2.15,3.52,3.64,2.13,3.35,3.7,2.2,3.22,3.59,2.12,3.45,3.7,2.24,1.67,2.15,1.68,2.32,1.68,2.28,1.64,2.19,1.72,2.34,0.25,1.98,1.88,2.08,1.85,2.0,1.88,1.95,1.77,2.04,1.95,Ligue 1,2025/26
F1,2025-08-29,19:45:00,Lens,Brest,3,1,H,0,1,A,,30,9,10,2,7,12,15,1,1,3,0,1,1.85,3.75,4.0,1.83,3.75,4.2,1.84,3.7,4.1,1.83,3.7,4.1,1.87,3.7,4.0,1.85,3.7,4.0,1.85,3.6,3.9,1.88,3.83,4.24,1.88,3.8,4.2,1.84,3.68,4.05,1.91,3.9,4.4,1.8,2.0,1.85,2.07,1.87,2.04,1.8,1.96,1.87,2.1,-0.5,1.85,2.0,1.88,2.04,1.87,2.0,1.82,1.94,1.91,2.08,1.91,3.6,3.75,1.95,3.6,3.75,1.84,3.85,4.0,1.93,3.7,3.7,1.93,3.7,3.7,1.95,3.7,3.75,1.95,3.6,3.7,1.98,3.74,3.92,2.0,3.85,4.1,1.9,3.69,3.8,2.0,3.8,4.1,1.73,2.1,1.74,2.19,1.75,2.15,1.72,2.06,1.82,2.18,-0.5,1.95,1.9,1.99,1.93,1.97,1.98,1.87,1.88,2.0,1.99,Ligue 1,2025/26
F1,2025-08-30,16:00:00,Lorient,Lille,1,7,A,0,0,D,,6,20,2,11,14,18,3,8,3,3,0,0,3.4,3.5,2.1,3.4,3.4,2.15,3.3,3.55,2.12,3.2,3.4,2.05,3.3,3.5,2.1,3.3,3.5,2.15,3.3,3.5,2.1,3.44,3.62,2.14,3.4,3.55,2.15,3.3,3.48,2.11,3.6,3.65,2.2,1.88,1.98,1.88,2.0,1.92,1.98,1.85,1.89,1.91,2.04,0.25,2.0,1.85,2.05,1.86,2.0,1.85,1.95,1.75,2.08,1.9,3.3,3.4,2.15,3.3,3.4,2.2,3.25,3.55,2.15,3.3,3.5,2.1,3.3,3.4,2.15,3.3,3.4,2.15,3.3,3.4,2.15,3.4,3.6,2.18,3.33,3.55,2.21,3.27,3.45,2.15,3.5,3.6,2.26,1.9,1.95,1.93,1.97,1.91,1.95,1.85,1.91,1.98,1.99,0.25,1.92,1.82,2.03,1.9,1.96,1.91,1.93,1.77,2.03,1.96,Ligue 1,2025/26
F1,2025-08-30,18:00:00,Nantes,Auxerre,1,0,H,1,0,H,,4,14,3,4,13,11,3,9,1,3,0,0,2.2,3.4,3.25,2.25,3.2,3.4,2.28,3.25,3.25,2.2,3.13,3.2,2.3,3.2,3.2,2.3,3.2,3.2,2.3,3.2,3.2,2.33,3.27,3.34,2.36,3.4,3.4,2.26,3.2,3.24,2.36,3.35,3.4,2.2,1.67,2.22,1.71,2.2,1.7,2.14,1.66,2.26,1.75,-0.25,1.93,1.93,2.0,1.91,1.95,1.93,1.87,1.87,2.01,1.95,2.5,3.3,2.75,2.6,3.2,2.8,2.45,3.3,2.95,2.5,3.3,2.8,2.45,3.25,2.87,2.45,3.25,2.87,2.45,3.25,2.87,2.42,3.23,3.28,2.6,3.3,3.1,2.48,3.24,2.86,2.66,3.35,3.0,2.05,1.8,2.29,1.68,2.2,1.8,2.06,1.73,2.1,1.89,0.0,1.83,2.03,1.69,2.3,1.85,2.09,1.79,1.99,1.87,2.11,Ligue 1,2025/26
F1,2025-08-30,20:05:00,Toulouse,Paris SG,3,6,A,1,4,A,,14,13,6,8,7,11,5,7,1,0,0,0,8.5,5.25,1.33,9.0,5.0,1.33,7.5,5.25,1.36,8.5,5.0,1.3,8.75,5.25,1.34,9.0,5.0,1.35,8.0,4.8,1.3,8.47,5.48,1.36,9.0,5.4,1.37,8.17,5.12,1.34,9.4,5.8,1.37,1.57,2.38,1.59,2.46,1.6,2.4,1.56,2.34,1.61,2.52,1.5,1.88,1.98,1.9,2.01,1.88,2.02,1.8,1.95,1.94,2.01,8.5,5.25,1.33,9.0,5.5,1.3,8.5,6.0,1.3,9.0,5.5,1.3,8.5,5.25,1.34,8.5,5.25,1.35,8.5,5.25,1.33,8.84,5.63,1.35,9.0,6.0,1.35,8.54,5.48,1.32,10.0,5.7,1.37,1.53,2.5,1.58,2.51,1.55,2.5,1.52,2.43,1.58,2.66,1.5,1.93,1.93,1.94,1.98,1.93,1.96,1.87,1.88,1.94,2.03,Ligue 1,2025/26
F1,2025-08-31,14:00:00,Angers,Rennes,1,1,D,0,1,A,,10,15,7,7,9,11,1,7,2,2,0,0,3.4,3.5,2.1,3.5,3.3,2.15,3.4,3.45,2.12,3.3,3.1,2.05,3.25,3.4,2.15,3.25,3.4,2.15,3.25,3.4,2.15,3.47,3.53,2.16,3.5,3.5,2.15,3.34,3.37,2.11,3.75,3.55,2.16,2.05,1.8,2.08,1.82,2.08,1.8,2.0,1.76,2.1,1.84,0.25,2.03,1.83,2.03,1.88,2.03,1.83,1.96,1.74,2.14,1.85,4.75,3.5,1.77,4.5,3.6,1.8,4.4,3.6,1.82,4.4,3.6,1.8,4.2,3.6,1.83,4.2,3.6,1.83,4.2,3.6,1.83,4.31,3.6,1.93,4.75,3.75,1.84,4.37,3.6,1.8,4.7,3.8,1.89,1.93,1.93,2.09,1.83,2.04,1.93,1.94,1.82,2.04,1.94,0.75,1.8,2.05,1.74,2.21,1.8,2.07,1.73,2.04,1.84,2.15,Ligue 1,2025/26
F1,2025-08-31,16:15:00,Le Havre,Nice,3,1,H,1,0,H,,12,7,8,3,13,16,0,5,1,4,0,0,3.6,3.5,2.05,3.5,3.4,2.1,3.45,3.75,2.02,3.4,3.4,2.0,3.5,3.4,2.1,3.5,3.4,2.1,3.4,3.4,2.1,3.64,3.59,2.08,3.6,3.75,2.1,3.44,3.51,2.05,3.6,3.5,2.16,1.88,1.98,1.88,2.0,1.93,1.98,1.85,1.9,1.89,2.02,0.5,1.8,2.05,1.83,2.09,1.81,2.05,1.76,2.0,1.78,2.16,3.1,3.3,2.3,3.3,3.3,2.25,3.4,3.65,2.07,3.13,3.4,2.25,3.25,3.4,2.2,3.25,3.4,2.2,3.2,3.4,2.2,3.47,3.58,2.17,3.4,3.65,2.3,3.24,3.41,2.19,3.45,3.5,2.34,1.95,1.9,1.91,2.0,2.05,1.9,1.92,1.84,2.04,1.91,0.25,1.88,1.98,2.04,1.88,2.0,1.98,1.91,1.8,1.97,2.0,Ligue 1,2025/26
F1,2025-08-31,16:15:00,Monaco,Strasbourg,3,2,H,1,0,H,,12,12,4,4,13,12,6,5,2,1,0,1,1.55,4.33,5.5,1.53,4.33,6.0,1.53,4.6,5.6,1.5,4.1,5.5,1.55,4.33,5.5,1.55,4.33,5.5,1.55,4.33,5.5,1.56,4.56,5.64,1.57,4.6,6.0,1.53,4.34,5.5,1.58,5.0,5.7,1.62,2.3,1.62,2.39,1.66,2.3,1.61,2.23,1.64,2.42,-1.0,1.9,1.95,1.93,1.97,1.9,1.95,1.87,1.89,1.93,1.98,1.42,5.25,6.25,1.5,4.33,5.2,1.44,5.0,6.4,1.4,5.0,7.0,1.42,4.8,7.0,1.4,4.8,7.0,1.4,4.8,7.0,1.55,4.75,5.75,1.5,5.25,7.0,1.42,4.91,6.54,1.48,5.2,7.2,1.44,2.75,1.59,2.49,1.53,2.75,1.48,2.56,1.54,2.78,-1.25,1.9,1.95,2.16,1.78,1.93,1.96,1.85,1.89,1.96,2.01,Ligue 1,2025/26
F1,2025-08-31,16:15:00,Paris FC,Metz,3,2,H,1,1,D,,24,14,9,2,4,8,14,6,1,1,0,1,1.8,3.7,4.33,1.83,3.6,4.33,1.84,3.65,4.2,1.75,3.5,4.33,1.85,3.6,4.2,1.85,3.6,4.2,1.85,3.5,4.2,1.84,3.76,4.43,1.85,3.75,4.33,1.82,3.6,4.23,1.89,3.8,4.7,1.98,1.88,1.97,1.92,1.98,1.91,1.92,1.83,2.02,1.9,-0.5,1.8,2.05,1.85,2.07,1.84,2.05,1.8,1.96,1.89,2.11,1.73,4.0,4.5,1.73,3.75,4.6,1.74,3.85,4.6,1.73,3.8,4.6,1.77,3.7,4.5,1.75,3.7,4.5,1.75,3.7,4.5,1.76,3.94,4.78,1.77,4.0,4.75,1.74,3.77,4.57,1.83,3.85,5.0,1.85,2.0,1.89,2.02,1.92,2.0,1.85,1.9,1.98,1.99,-0.75,1.98,1.88,1.99,1.93,1.98,1.88,1.95,1.81,2.04,1.92,Ligue 1,2025/26
F1,2025-08-31,19:45:00,Lyon,Marseille,1,0,H,0,0,D,,17,5,5,2,16,11,9,4,2,2,0,1,2.63,3.6,2.5,2.75,3.6,2.4,2.63,3.9,2.4,2.55,3.6,2.38,2.7,3.7,2.4,2.7,3.7,2.4,2.7,3.6,2.4,2.74,3.75,2.49,2.75,3.9,2.5,2.65,3.68,2.4,2.84,3.8,2.52,1.53,2.4,1.56,2.53,1.55,2.55,1.53,2.4,1.62,2.56,0.0,2.03,1.83,2.05,1.86,2.03,1.85,1.96,1.8,2.1,1.87,2.8,3.4,2.45,2.88,3.5,2.38,2.75,3.6,2.4,2.8,3.6,2.38,2.87,3.5,2.35,2.87,3.5,2.37,2.87,3.5,2.37,2.99,3.48,2.43,3.0,3.6,2.45,2.83,3.49,2.38,3.1,3.6,2.46,1.75,2.05,1.76,2.14,1.75,2.25,1.68,2.13,1.8,2.2,0.25,1.73,2.08,1.83,2.12,1.8,2.08,1.75,1.96,1.85,2.15,Ligue 1,2025/26
